Data Source Name,Agency Number,Registration Contract ID,Commodity Line,OGE Contract #,Contract Purpose,Budget Name,OGE Registered Amt,Prime Contractor Name,Prime Contractor Address,Prime Contractor City,Prime Contractor State,Prime Contractor Zip
NYCEDC,z81,CTA180120100003482, 3,1850118,28th Avenue and Linden Place Area,28th Avenue and Linden Place Area, 5981975.5,To Be Announced,N/A,N/A,N/A,N/A
NYCEDC,z81,CTA180120100003482, 4,1850118,28th Avenue and Linden Place Area,28th Avenue and Linden Place Area, 33308.75,To Be Announced,N/A,N/A,N/A,N/A
NYCEDC,z81,CTA180120100007493, 4,23960001,SBMT - Bulkhead Rehabilitation,SBMT - Bulkhead Rehabilitation, 25499.74,To Be Announced,N/A,N/A,N/A,N/A
NYCEDC,z81,CTA180120100007493, 7,23960001,SBMT - Bulkhead Rehabilitation,SBMT - Bulkhead Rehabilitation, 54876.0,To Be Announced,N/A,N/A,N/A,N/A
NYCEDC,z81,CTA180120100007493, 2,23960001,SBMT - Bulkhead Rehabilitation,SBMT - Bulkhead Rehabilitation, 394739.6,To Be Announced,N/A,N/A,N/A,N/A
NYCEDC,z81,CTA180120100007493, 5,23960001,SBMT - Bulkhead Rehabilitation,SBMT - Bulkhead Rehabilitation, 543779.1,To Be Announced,N/A,N/A,N/A,N/A
NYCEDC,z81,CTA180120100007493, 3,23960001,SBMT - Bulkhead Rehabilitation,SBMT - Bulkhead Rehabilitation, 188931.28,To Be Announced,N/A,N/A,N/A,N/A
NYCEDC,z81,CTA180120100007493, 1,23960001,SBMT - Bulkhead Rehabilitation,SBMT - Bulkhead Rehabilitation, 14295700.0,To Be Announced,N/A,N/A,N/A,N/A
NYCEDC,z81,CTA180120100012717, 1,36060001,FA - Manhattan Neighborhood Network Firehouse Renovation,FA - Manhattan Neighborhood Network Firehouse Renovation, 828750.0,To Be Announced,N/A,N/A,N/A,N/A
NYCEDC,z81,CTA180120100016775, 1,28520001,Marine 9 Facility (Homeport),Marine 9 Facility (Homeport), 1463440.0,To Be Announced,N/A,N/A,N/A,N/A
NYCEDC,z81,CTA180120100017024, 1,23960001,Downtown Fulton Fish Market - Platform Rehab,Downtown Fulton Fish Market - Platform Rehab, 3500.0,To Be Announced,N/A,N/A,N/A,N/A
NYCEDC,z81,CTA180120100017024, 2,23960001,Downtown Fulton Fish Market - Platform Rehab,Downtown Fulton Fish Market - Platform Rehab, 2070000.0,To Be Announced,N/A,N/A,N/A,N/A
NYCEDC,z81,CTA180120100017024, 3,23960001,Downtown Fulton Fish Market - Platform Rehab,Downtown Fulton Fish Market - Platform Rehab, 607509.03,To Be Announced,N/A,N/A,N/A,N/A
NYCEDC,z81,CTA180120100017093, 1,23960001,Pier 94 HVAC and Electrical Improvements,Pier 94 HVAC and Electrical Improvements, 214592.0,To Be Announced,N/A,N/A,N/A,N/A
NYCEDC,z81,CTA180120100017093, 2,23960001,Pier 94 HVAC and Electrical Improvements,Pier 94 HVAC and Electrical Improvements, 17000.0,To Be Announced,N/A,N/A,N/A,N/A
NYCEDC,z81,CTA180120100017093, 3,23960001,Pier 94 HVAC and Electrical Improvements,Pier 94 HVAC and Electrical Improvements, 695981.92,To Be Announced,N/A,N/A,N/A,N/A
NYCEDC,z81,CTA180120100017825, 1,NULL,SBS Fit Out,SBS Fit Out, 537436.24,To Be Announced,N/A,N/A,N/A,N/A
NYCEDC,z81,CTA180120100018390, 1,NULL,Port Security Grant Funds,Port Security Grant Funds, 521420.7,To Be Announced,N/A,N/A,N/A,N/A
NYCEDC,z81,CTA180120107200422, 2,23100001,FA - Morris Heights Health Facility,FA - Morris Heights Health Facility, 12650000.0,To Be Announced,N/A,N/A,N/A,N/A
NYCEDC,z81,CTA180120107200422, 1,23100001,FA - Morris Heights Health Facility,FA - Morris Heights Health Facility, 12650000.0,To Be Announced,N/A,N/A,N/A,N/A
NYCEDC,z81,CTA180120107200512, 11,20160014,Queens West/Hunter's Point South,Queens West/Hunter's Point South, 10000.0,To Be Announced,N/A,N/A,N/A,N/A
NYCEDC,z81,CTA180120107200782, 5,28520001,Marine 9 Facility (Homeport),Marine 9 Facility (Homeport), 9900900.0,To Be Announced,N/A,N/A,N/A,N/A
NYCEDC,z81,CTA180120107200782, 6,28520001,Marine 9 Facility (Homeport),Marine 9 Facility (Homeport), 285030.6,To Be Announced,N/A,N/A,N/A,N/A
NYCEDC,z81,CTA180120107200782, 3,28520001,Marine 9 Facility (Homeport),Marine 9 Facility (Homeport), 5847706.0,To Be Announced,N/A,N/A,N/A,N/A
NYCEDC,z81,CTA180120107200782, 2,28520001,Marine 9 Facility (Homeport),Marine 9 Facility (Homeport), 1460000.0,To Be Announced,N/A,N/A,N/A,N/A
NYCEDC,z81,CTA180120107200782, 1,28520001,Marine 9 Facility (Homeport),Marine 9 Facility (Homeport), 209200.0,To Be Announced,N/A,N/A,N/A,N/A
NYCEDC,z81,CTA180120107200782, 4,28520001,Marine 9 Facility (Homeport),Marine 9 Facility (Homeport), 736800.0,To Be Announced,N/A,N/A,N/A,N/A
NYCEDC,z81,CTA180120107200886, 7,13690008,SBMT - Axis,SBMT - Axis, 664764.13,To Be Announced,N/A,N/A,N/A,N/A
NYCEDC,z81,CTA180120107200961, 1,16850003,80 CENTRE STREET BUILDING SYSTEMS,80 CENTRE STREET BUILDING SYSTEMS, 4522.78,To Be Announced,N/A,N/A,N/A,N/A
NYCEDC,z81,CTA180120107201366, 3,20330005,Downtown Brooklyn Redevelopment - Flatbush Myrtle Street,Downtown Brooklyn Redevelopment - Flatbush Myrtle Street, 177787.61,To Be Announced,N/A,N/A,N/A,N/A
NYCEDC,z81,CTA180120107201366, 1,20330005,Downtown Brooklyn Redevelopment - Flatbush Myrtle Street,Downtown Brooklyn Redevelopment - Flatbush Myrtle Street, 10501306.66,To Be Announced,N/A,N/A,N/A,N/A
NYCEDC,z81,CTA180120107201366, 2,20330005,Downtown Brooklyn Redevelopment - Flatbush Myrtle Street,Downtown Brooklyn Redevelopment - Flatbush Myrtle Street, 164049.0,To Be Announced,N/A,N/A,N/A,N/A
NYCEDC,z81,CTA180120107201561, 3,1850112,28th Avenue and Linden Place Area,28th Avenue and Linden Place Area, 370000.0,To Be Announced,N/A,N/A,N/A,N/A
NYCEDC,z81,CTA180120107201561, 4,1850118,28th Avenue and Linden Place Area,28th Avenue and Linden Place Area, 1663358.0,To Be Announced,N/A,N/A,N/A,N/A
NYCEDC,z81,CTA180120107201561, 5,1850112,28th Avenue and Linden Place Area,28th Avenue and Linden Place Area, 51100.0,To Be Announced,N/A,N/A,N/A,N/A
NYCEDC,z81,CTA180120107202537, 2,19570002,FA - St. Nicholas Neighborhood  Corporation,FA - St. Nicholas Neighborhood  Corporation, 318750.0,To Be Announced,N/A,N/A,N/A,N/A
NYCEDC,z81,CTA180120107202537, 1,19570002,FA - St. Nicholas Neighborhood  Corporation,FA - St. Nicholas Neighborhood  Corporation, 900000.0,To Be Announced,N/A,N/A,N/A,N/A
NYCEDC,z81,CTA180120107203331, 2,38160001,FA - Lincoln Center Promenade,FA - Lincoln Center Promenade, 63000000.0,To Be Announced,N/A,N/A,N/A,N/A
NYCEDC,z81,CTA180120107203331, 1,NULL,FA - Lincoln Center Promenade,FA - Lincoln Center Promenade, 0.0,To Be Announced,N/A,N/A,N/A,N/A
NYCEDC,z81,CTA180120117200391, 2,36030001,Governors Island - Soissons Dock,Governors Island - Soissons Dock, 3375000.0,TRUST FOR GOVERNORS ISLAND,N/A,N/A,N/A,N/A
NYCEDC,z81,CTA180120117200391, 1,36030001,FA - Governors Island Soissons Dock Rehab.,FA - Governors Island Soissons Dock Rehab., 4376250.0,TRUST FOR GOVERNORS ISLAND,N/A,N/A,N/A,N/A
NYCEDC,z81,CTA180120117200496, 21,16850009,South Bronx Greenway,South Bronx Greenway, 19350.0,To Be Announced,N/A,N/A,N/A,N/A
NYCEDC,z81,CTA180120117200496, 14,16920005,South Bronx Greenway,South Bronx Greenway, 52496.04,To Be Announced,N/A,N/A,N/A,N/A
NYCEDC,z81,CTA180120117200496, 9,16920005,South Bronx Greenway,South Bronx Greenway, 76125.16,To Be Announced,N/A,N/A,N/A,N/A
NYCEDC,z81,CTA180120117200496, 20,16850009,South Bronx Greenway,South Bronx Greenway, 278666.32,To Be Announced,N/A,N/A,N/A,N/A
NYCEDC,z81,CTA180120117200496, 23,16920006,South Bronx Greenway,South Bronx Greenway, 238090.93,To Be Announced,N/A,N/A,N/A,N/A
NYCEDC,z81,CTA180120117200496, 10,16920005,South Bronx Greenway,South Bronx Greenway, 11578.09,To Be Announced,N/A,N/A,N/A,N/A
NYCEDC,z81,CTA180120117200496, 8,16920005,South Bronx Greenway,South Bronx Greenway, 78954.36,To Be Announced,N/A,N/A,N/A,N/A
NYCEDC,z81,CTA180120117200496, 13,16920005,South Bronx Greenway,South Bronx Greenway, 24930.36,To Be Announced,N/A,N/A,N/A,N/A
NYCEDC,z81,CTA180120117200496, 4,16920005,South Bronx Greenway,South Bronx Greenway, 40759.95,To Be Announced,N/A,N/A,N/A,N/A
NYCEDC,z81,CTA180120117200496, 6,16920005,South Bronx Greenway,South Bronx Greenway, 79036.78,To Be Announced,N/A,N/A,N/A,N/A
NYCEDC,z81,CTA180120117200496, 7,16920005,South Bronx Greenway,South Bronx Greenway, 45643.06,To Be Announced,N/A,N/A,N/A,N/A
NYCEDC,z81,CTA180120117200496, 1,16920005,South Bronx Greenway,South Bronx Greenway, 6823000.0,To Be Announced,N/A,N/A,N/A,N/A
NYCEDC,z81,CTA180120117200496, 22,16850009,South Bronx Greenway,South Bronx Greenway, 79600.0,To Be Announced,N/A,N/A,N/A,N/A
NYCEDC,z81,CTA180120117200496, 3,16920008,South Bronx Greenway,South Bronx Greenway, 9000.0,To Be Announced,N/A,N/A,N/A,N/A
NYCEDC,z81,CTA180120117200496, 12,16920007,South Bronx Greenway,South Bronx Greenway, 3000.0,To Be Announced,N/A,N/A,N/A,N/A
NYCEDC,z81,CTA180120117200496, 15,16920005,South Bronx Greenway,South Bronx Greenway, 34837.78,To Be Announced,N/A,N/A,N/A,N/A
NYCEDC,z81,CTA180120117200496, 2,16920007,South Bronx Greenway,South Bronx Greenway, 6000.0,To Be Announced,N/A,N/A,N/A,N/A
NYCEDC,z81,CTA180120117200496, 11,16920005,South Bronx Greenway,South Bronx Greenway, 39230.32,To Be Announced,N/A,N/A,N/A,N/A
NYCEDC,z81,CTA180120117200496, 5,16920005,South Bronx Greenway,South Bronx Greenway, 14383.09,To Be Announced,N/A,N/A,N/A,N/A
NYCEDC,z81,CTA180120117201413, 16,22560003,Replacement of Siphons b/t Brooklyn & SI,Replacement of Siphons b/t Brooklyn & SI, 154487.26,To Be Announced,N/A,N/A,N/A,N/A
NYCEDC,z81,CTA180120117201413, 14,22560002,Replacement of Siphons b/t Brooklyn & SI,Replacement of Siphons b/t Brooklyn & SI, 966242.97,To Be Announced,N/A,N/A,N/A,N/A
NYCEDC,z81,CTA180120117201413, 9,22560002,Replacement of Siphons b/t Brooklyn & SI,Replacement of Siphons b/t Brooklyn & SI, 945282.14,To Be Announced,N/A,N/A,N/A,N/A
NYCEDC,z81,CTA180120117201413, 10,22560002,Replacement of Siphons b/t Brooklyn & SI,Replacement of Siphons b/t Brooklyn & SI, 60000.0,To Be Announced,N/A,N/A,N/A,N/A
NYCEDC,z81,CTA180120117201413, 13,22560002,Replacement of Siphons b/t Brooklyn & SI,Replacement of Siphons b/t Brooklyn & SI, 834361.35,To Be Announced,N/A,N/A,N/A,N/A
NYCEDC,z81,CTA180120117201413, 20,22560005,Replacement of Siphons b/t Brooklyn & SI,Replacement of Siphons b/t Brooklyn & SI, 303512.5,To Be Announced,N/A,N/A,N/A,N/A
NYCEDC,z81,CTA180120117201413, 3,22560004,Replacement of Siphons b/t Brooklyn & SI,Replacement of Siphons b/t Brooklyn & SI, 301500.0,To Be Announced,N/A,N/A,N/A,N/A
NYCEDC,z81,CTA180120117201413, 11,22560005,Replacement of Siphons b/t Brooklyn & SI,Replacement of Siphons b/t Brooklyn & SI, 21937.5,To Be Announced,N/A,N/A,N/A,N/A
NYCEDC,z81,CTA180120117201413, 6,22560002,Replacement of Siphons b/t Brooklyn & SI,Replacement of Siphons b/t Brooklyn & SI, 592627.5,To Be Announced,N/A,N/A,N/A,N/A
NYCEDC,z81,CTA180120117201413, 4,22560005,Replacement of Siphons b/t Brooklyn & SI,Replacement of Siphons b/t Brooklyn & SI, 396018.0,To Be Announced,N/A,N/A,N/A,N/A
NYCEDC,z81,CTA180120117201413, 12,22560002,Replacement of Siphons b/t Brooklyn & SI,Replacement of Siphons b/t Brooklyn & SI, 395973.53,To Be Announced,N/A,N/A,N/A,N/A
NYCEDC,z81,CTA180120117201413, 1,22560002,Replacement of Siphons b/t Brooklyn & SI,Replacement of Siphons b/t Brooklyn & SI, 99948573.41,To Be Announced,N/A,N/A,N/A,N/A
NYCEDC,z81,CTA180120117201413, 25,22560002,Replacement of Siphons b/t Brooklyn & SI,Replacement of Siphons b/t Brooklyn & SI, 4296298.75,To Be Announced,N/A,N/A,N/A,N/A
NYCEDC,z81,CTA180120117201413, 2,22560003,Replacement of Siphons b/t Brooklyn & SI,Replacement of Siphons b/t Brooklyn & SI, 6107183.61,To Be Announced,N/A,N/A,N/A,N/A
NYCEDC,z81,CTA180120117201413, 21,22560002,Replacement of Siphons b/t Brooklyn & SI,Replacement of Siphons b/t Brooklyn & SI, 373090.35,To Be Announced,N/A,N/A,N/A,N/A
NYCEDC,z81,CTA180120117201413, 8,22560002,Replacement of Siphons b/t Brooklyn & SI,Replacement of Siphons b/t Brooklyn & SI, 351363.81,To Be Announced,N/A,N/A,N/A,N/A
NYCEDC,z81,CTA180120117201413, 17,22560003,Replacement of Siphons b/t Brooklyn & SI,Replacement of Siphons b/t Brooklyn & SI, 3240632.96,To Be Announced,N/A,N/A,N/A,N/A
NYCEDC,z81,CTA180120117201413, 7,22560002,Replacement of Siphons b/t Brooklyn & SI,Replacement of Siphons b/t Brooklyn & SI, 35431.1,To Be Announced,N/A,N/A,N/A,N/A
NYCEDC,z81,CTA180120117203301, 2,33130001,FA - Nat'l Museum of the Amer. Indian - Rotunda Renovations,FA - Nat'l Museum of the Amer. Indian - Rotunda Renovations, 25000.0,To Be Announced,N/A,N/A,N/A,N/A
NYCEDC,z81,CTA180120117203301, 1,33130001,FA - Nat'l Museum of the Amer. Indian - Rotunda Renovations,FA - Nat'l Museum of the Amer. Indian - Rotunda Renovations, 450000.0,To Be Announced,N/A,N/A,N/A,N/A
NYCEDC,z81,CTA180120117203676, 22,NULL,FA - Lincoln Center Promenade,FA - Lincoln Center Promenade, 2243.94,To Be Announced,N/A,N/A,N/A,N/A
NYCEDC,z81,CTA180120117203676, 17,NULL,Prospect Park Lakeside Center,Prospect Park Lakeside Center, 75918.15,To Be Announced,N/A,N/A,N/A,N/A
NYCEDC,z81,CTA180120117203676, 16,NULL,East River Waterfront,East River Waterfront, 80769.15,To Be Announced,N/A,N/A,N/A,N/A
NYCEDC,z81,CTA180120117203676, 33,NULL,FA - Nat'l Museum of the Amer. Indian - Rotunda Renovations,FA - Nat'l Museum of the Amer. Indian - Rotunda Renovations, 1133.42,To Be Announced,N/A,N/A,N/A,N/A
NYCEDC,z81,CTA180120117203676, 28,NULL,FA - Sage Senior Center,FA - Sage Senior Center, 13044.5,To Be Announced,N/A,N/A,N/A,N/A
NYCEDC,z81,CTA180120117203676, 8,NULL,FA - YM & YWHA of Washington Heights,FA - YM & YWHA of Washington Heights, 2223.38,To Be Announced,N/A,N/A,N/A,N/A
NYCEDC,z81,CTA180120117203676, 30,NULL,FA - Food Bank for New York City - Generator,FA - Food Bank for New York City - Generator, 9764.41,To Be Announced,N/A,N/A,N/A,N/A
NYCEDC,z81,CTA180120117203676, 18,NULL,Replacement of Siphons b/t Brooklyn & SI,Replacement of Siphons b/t Brooklyn & SI, 67914.0,To Be Announced,N/A,N/A,N/A,N/A
NYCEDC,z81,CTA180120117203676, 31,NULL,NY FAMILIES FOR AUTISTIC CHILDREN,NY FAMILIES FOR AUTISTIC CHILDREN, 28653.82,To Be Announced,N/A,N/A,N/A,N/A
NYCEDC,z81,CTA180120117203676, 27,NULL,HYDC - MID-BLOCK BLVD AND CROSS STREETS-HUDSON YARD VICINITY,HYDC - MID-BLOCK BLVD AND CROSS STREETS-HUDSON YARD VICINITY, 308564.08,To Be Announced,N/A,N/A,N/A,N/A
NYCEDC,z81,CTA180120117203676, 9,NULL,Replacement of Siphons b/t Brooklyn & SI,Replacement of Siphons b/t Brooklyn & SI, 239357.5,To Be Announced,N/A,N/A,N/A,N/A
NYCEDC,z81,CTA180120117203676, 3,NULL,FA - Nat'l Museum of the Amer. Indian - Rotunda Renovations,FA - Nat'l Museum of the Amer. Indian - Rotunda Renovations, 21864.67,To Be Announced,N/A,N/A,N/A,N/A
NYCEDC,z81,CTA180120117203676, 20,NULL,FA - Theatre for a New Audience,FA - Theatre for a New Audience, 62335.35,To Be Announced,N/A,N/A,N/A,N/A
NYCEDC,z81,CTA180120117203676, 26,NULL,Prospect Park Lakeside Center,Prospect Park Lakeside Center, 18641.95,To Be Announced,N/A,N/A,N/A,N/A
NYCEDC,z81,CTA180120117203676, 5,NULL,FA - Lincoln Center Promenade,FA - Lincoln Center Promenade, 22799.77,To Be Announced,N/A,N/A,N/A,N/A
NYCEDC,z81,CTA180120117203676, 29,NULL,FA - EWVIDCO Acquisition,FA - EWVIDCO Acquisition, 3952.61,To Be Announced,N/A,N/A,N/A,N/A
NYCEDC,z81,CTA180120117203676, 10,NULL,Prospect Park Lakeside Center,Prospect Park Lakeside Center, 205439.9,To Be Announced,N/A,N/A,N/A,N/A
NYCEDC,z81,CTA180120117203676, 11,NULL,FA - Theatre for a New Audience,FA - Theatre for a New Audience, 75918.15,To Be Announced,N/A,N/A,N/A,N/A
NYCEDC,z81,CTA180120117203676, 19,NULL,WHIT - High Line M&O Facility,WHIT - High Line M&O Facility, 67024.65,To Be Announced,N/A,N/A,N/A,N/A
NYCEDC,z81,CTA180120117203676, 35,NULL,FA - EWVIDCO Acquisition,FA - EWVIDCO Acquisition, 3952.6,To Be Announced,N/A,N/A,N/A,N/A
NYCEDC,z81,CTA180120117203676, 25,NULL,WHIT - High Line M&O Facility,WHIT - High Line M&O Facility, 28781.0,To Be Announced,N/A,N/A,N/A,N/A
NYCEDC,z81,CTA180120117203676, 24,NULL,FA - Theatre for a New Audience,FA - Theatre for a New Audience, 155537.5,To Be Announced,N/A,N/A,N/A,N/A
NYCEDC,z81,CTA180120117203676, 6,NULL,FA - SUNY Downstate Biotech Incubator Phase 2,FA - SUNY Downstate Biotech Incubator Phase 2, 17904.04,To Be Announced,N/A,N/A,N/A,N/A
NYCEDC,z81,CTA180120117203676, 4,NULL,FA - Food Bank for New York City,FA - Food Bank for New York City, 1334.03,To Be Announced,N/A,N/A,N/A,N/A
NYCEDC,z81,CTA180120117203676, 12,NULL,WHIT - High Line M&O Facility,WHIT - High Line M&O Facility, 254193.55,To Be Announced,N/A,N/A,N/A,N/A
NYCEDC,z81,CTA180120117203676, 7,NULL,New Yankee Stadium - Associated Soft Costs,New Yankee Stadium - Associated Soft Costs, 970.2,To Be Announced,N/A,N/A,N/A,N/A
NYCEDC,z81,CTA180120117203676, 34,NULL,FA - YM & YWHA of Washington Heights,FA - YM & YWHA of Washington Heights, 1241.82,To Be Announced,N/A,N/A,N/A,N/A
NYCEDC,z81,CTA180120117203676, 2,NULL,FA - Theatre for a New Audience,FA - Theatre for a New Audience, 126208.69,To Be Announced,N/A,N/A,N/A,N/A
NYCEDC,z81,CTA180120117203676, 32,NULL,FA - Renovations at West Side Center for Community Life,FA - Renovations at West Side Center for Community Life, 11975.95,To Be Announced,N/A,N/A,N/A,N/A
NYCEDC,z81,CTA180120117204456, 1,39230001,JEWISH BOARD OF FAMILY AND CHILDREN' S SERVICES,JEWISH BOARD OF FAMILY AND CHILDREN' S SERVICES, 975000.0,To Be Announced,N/A,N/A,N/A,N/A
NYCEDC,z81,CTA180120117206123, 1,44790001,NY FAMILIES FOR AUTISTIC CHILDREN,NY FAMILIES FOR AUTISTIC CHILDREN, 1735000.0,NEW YORK FAMILIES FOR AUTISTIC CHILDREN INC.,N/A,N/A,N/A,N/A
NYCEDC,z81,CTA180120117206123, 3,44790002,NY FAMILIES FOR AUTISTIC CHILDREN,NY FAMILIES FOR AUTISTIC CHILDREN, 1175000.0,NEW YORK FAMILIES FOR AUTISTIC CHILDREN INC.,N/A,N/A,N/A,N/A
NYCEDC,z81,CTA180120117206123, 2,44790001,NY FAMILIES FOR AUTISTIC CHILDREN,NY FAMILIES FOR AUTISTIC CHILDREN, 990000.0,NEW YORK FAMILIES FOR AUTISTIC CHILDREN INC.,N/A,N/A,N/A,N/A
NYCEDC,z81,CTA180120117206826, 5,26990003,Coney Island Steeplechase Plaza,Coney Island Steeplechase Plaza, 4500.0,To Be Announced,N/A,N/A,N/A,N/A
NYCEDC,z81,CTA180120117206826, 6,47580001,Coney Island Steeplechase Plaza,Coney Island Steeplechase Plaza, 149883.2,To Be Announced,N/A,N/A,N/A,N/A
NYCEDC,z81,CTA180120127200601, 3,13690008,SBMT - Axis,SBMT - Axis, 95303.63,To Be Announced,N/A,N/A,N/A,N/A
NYCEDC,z81,CTA180120127200601, 5,13690008,SBMT - Axis,SBMT - Axis, 83115.58,To Be Announced,N/A,N/A,N/A,N/A
NYCEDC,z81,CTA180120127200601, 6,13690008,SBMT - Axis,SBMT - Axis, 132962.95,To Be Announced,N/A,N/A,N/A,N/A
NYCEDC,z81,CTA180120127200601, 7,13690008,SBMT - Axis,SBMT - Axis, 465435.51,To Be Announced,N/A,N/A,N/A,N/A
NYCEDC,z81,CTA180120127200601, 1,13690008,SBMT - Axis,SBMT - Axis, 38325.0,To Be Announced,N/A,N/A,N/A,N/A
NYCEDC,z81,CTA180120127200601, 2,13690008,SBMT - Axis,SBMT - Axis, 79818.9,To Be Announced,N/A,N/A,N/A,N/A
NYCEDC,z81,CTA180120127201591, 1,MOU,Mayors Office Environmental Remediation Brownfield Project,Mayors Office Environmental Remediation Brownfield Project, 291900.52,To Be Announced,N/A,N/A,N/A,N/A
NYCEDC,z81,CTA180120127202011, 1,MOU,NYCEDC Small Clean Distributed Gen,NYCEDC Small Clean Distributed Gen, 400000.0,To Be Announced,N/A,N/A,N/A,N/A
NYCEDC,z81,CTA180120127202191, 1,30730001,FA - CPC Nan Shan Center Expansion,FA - CPC Nan Shan Center Expansion, 2535000.0,To Be Announced,N/A,N/A,N/A,N/A
NYCEDC,z81,CTA180120127202386, 5,28520001,Marine 9 Facility (Homeport),Marine 9 Facility (Homeport), 133122.0,To Be Announced,N/A,N/A,N/A,N/A
NYCEDC,z81,CTA180120127202386, 3,28520001,Marine 9 Facility (Homeport),Marine 9 Facility (Homeport), 602428.86,To Be Announced,N/A,N/A,N/A,N/A
NYCEDC,z81,CTA180120127202386, 2,28520001,Marine 9 Facility (Homeport),Marine 9 Facility (Homeport), 316826.0,To Be Announced,N/A,N/A,N/A,N/A
NYCEDC,z81,CTA180120127202386, 6,28520001,Marine 9 Facility (Homeport),Marine 9 Facility (Homeport), 799308.17,To Be Announced,N/A,N/A,N/A,N/A
NYCEDC,z81,CTA180120127202386, 1,28520001,Marine 9 Facility (Homeport),Marine 9 Facility (Homeport), 134892.0,To Be Announced,N/A,N/A,N/A,N/A
NYCEDC,z81,CTA180120127202386, 4,28520001,Marine 9 Facility (Homeport),Marine 9 Facility (Homeport), 14950.0,To Be Announced,N/A,N/A,N/A,N/A
NYCEDC,z81,CTA180120127203334, 1,47840001,RENOVATION AND CONSTRUCTION OF NEW GOLDWATER NORTH LTACH,RENOVATION AND CONSTRUCTION OF NEW GOLDWATER NORTH LTACH, 3095000.0,To Be Announced,N/A,N/A,N/A,N/A
NYCEDC,z81,CTA180120127203334, 12,47840001,RENOVATION AND CONSTRUCTION OF NEW GOLDWATER NORTH LTACH,RENOVATION AND CONSTRUCTION OF NEW GOLDWATER NORTH LTACH, 918932.0,To Be Announced,N/A,N/A,N/A,N/A
NYCEDC,z81,CTA180120127203334, 8,47840002,RENOVATION AND CONSTRUCTION OF NEW GOLDWATER NORTH LTACH,RENOVATION AND CONSTRUCTION OF NEW GOLDWATER NORTH LTACH, 5596296.65,To Be Announced,N/A,N/A,N/A,N/A
NYCEDC,z81,CTA180120127203334, 2,47840001,CONSTRUCTION OF NEW GOLDWATER NORTH SNF,CONSTRUCTION OF NEW GOLDWATER NORTH SNF, 6112500.0,To Be Announced,N/A,N/A,N/A,N/A
NYCEDC,z81,CTA180120127203334, 4,47580001,CONSTRUCTION OF NEW GOLDWATER NORTH SNF,CONSTRUCTION OF NEW GOLDWATER NORTH SNF, 610141.84,To Be Announced,N/A,N/A,N/A,N/A
NYCEDC,z81,CTA180120127203334, 9,47840002,CONSTRUCTION OF NEW GOLDWATER NORTH SNF,CONSTRUCTION OF NEW GOLDWATER NORTH SNF, 8160096.07,To Be Announced,N/A,N/A,N/A,N/A
NYCEDC,z81,CTA180120127203334, 7,47840001,CONSTRUCTION OF NEW GOLDWATER NORTH SNF,CONSTRUCTION OF NEW GOLDWATER NORTH SNF, 42090.0,To Be Announced,N/A,N/A,N/A,N/A
NYCEDC,z81,CTA180120127203334, 6,47840001,RENOVATION AND CONSTRUCTION OF NEW GOLDWATER NORTH LTACH,RENOVATION AND CONSTRUCTION OF NEW GOLDWATER NORTH LTACH, 9716618.72,To Be Announced,N/A,N/A,N/A,N/A
NYCEDC,z81,CTA180120127203334, 11,47840001,CONSTRUCTION OF NEW GOLDWATER NORTH SNF,CONSTRUCTION OF NEW GOLDWATER NORTH SNF, 159500.0,To Be Announced,N/A,N/A,N/A,N/A
NYCEDC,z81,CTA180120127203334, 3,47580001,RENOVATION AND CONSTRUCTION OF NEW GOLDWATER NORTH LTACH,RENOVATION AND CONSTRUCTION OF NEW GOLDWATER NORTH LTACH, 155256.72,To Be Announced,N/A,N/A,N/A,N/A
NYCEDC,z81,CTA180120127203334, 10,47840001,RENOVATION AND CONSTRUCTION OF NEW GOLDWATER NORTH LTACH,RENOVATION AND CONSTRUCTION OF NEW GOLDWATER NORTH LTACH, 921568.0,To Be Announced,N/A,N/A,N/A,N/A
NYCEDC,z81,CTA180120127204351, 1,47580001,WHIT - High Line M&O Facility,WHIT - High Line M&O Facility, 273600.0,To Be Announced,N/A,N/A,N/A,N/A
NYCEDC,z81,CTA180120127204501, 12,35840001,Prospect Park Lakeside Center,Prospect Park Lakeside Center, 281982.0,To Be Announced,N/A,N/A,N/A,N/A
NYCEDC,z81,CTA180120127204501, 2,35840001,Prospect Park Lakeside Center,Prospect Park Lakeside Center, 417412.0,To Be Announced,N/A,N/A,N/A,N/A
NYCEDC,z81,CTA180120127204501, 21,35840001,Prospect Park Lakeside Center,Prospect Park Lakeside Center, 256203.46,To Be Announced,N/A,N/A,N/A,N/A
NYCEDC,z81,CTA180120127204501, 13,35840001,Prospect Park Lakeside Center,Prospect Park Lakeside Center, 703964.0,To Be Announced,N/A,N/A,N/A,N/A
NYCEDC,z81,CTA180120127204501, 32,35840001,Prospect Park Lakeside Center,Prospect Park Lakeside Center, 1736140.0,To Be Announced,N/A,N/A,N/A,N/A
NYCEDC,z81,CTA180120127204501, 28,35840001,Prospect Park Lakeside Center,Prospect Park Lakeside Center, 2334.0,To Be Announced,N/A,N/A,N/A,N/A
NYCEDC,z81,CTA180120127204501, 17,35840001,Prospect Park Lakeside Center,Prospect Park Lakeside Center, 1300000.0,To Be Announced,N/A,N/A,N/A,N/A
NYCEDC,z81,CTA180120127204501, 22,35840001,Prospect Park Lakeside Center,Prospect Park Lakeside Center, 207000.0,To Be Announced,N/A,N/A,N/A,N/A
NYCEDC,z81,CTA180120127204501, 1,35840001,Prospect Park Lakeside Center,Prospect Park Lakeside Center, 1426162.0,To Be Announced,N/A,N/A,N/A,N/A
NYCEDC,z81,CTA180120127204501, 29,35840001,Prospect Park Lakeside Center,Prospect Park Lakeside Center, 72244.0,To Be Announced,N/A,N/A,N/A,N/A
NYCEDC,z81,CTA180120127204501, 20,35840001,Prospect Park Lakeside Center,Prospect Park Lakeside Center, 175016.12,To Be Announced,N/A,N/A,N/A,N/A
NYCEDC,z81,CTA180120127204501, 26,35840001,Prospect Park Lakeside Center,Prospect Park Lakeside Center, 7976.8,To Be Announced,N/A,N/A,N/A,N/A
NYCEDC,z81,CTA180120127204501, 35,35840001,Prospect Park Lakeside Center,Prospect Park Lakeside Center, 4162.34,To Be Announced,N/A,N/A,N/A,N/A
NYCEDC,z81,CTA180120127204501, 23,35840001,Prospect Park Lakeside Center,Prospect Park Lakeside Center, 18117.17,To Be Announced,N/A,N/A,N/A,N/A
NYCEDC,z81,CTA180120127204501, 9,35840001,Prospect Park Lakeside Center,Prospect Park Lakeside Center, 0.0,To Be Announced,N/A,N/A,N/A,N/A
NYCEDC,z81,CTA180120127204501, 33,35840001,Prospect Park Lakeside Center,Prospect Park Lakeside Center, 17941.0,To Be Announced,N/A,N/A,N/A,N/A
NYCEDC,z81,CTA180120127204501, 24,35840001,Prospect Park Lakeside Center,Prospect Park Lakeside Center, 127415.0,To Be Announced,N/A,N/A,N/A,N/A
NYCEDC,z81,CTA180120127204501, 5,35840001,Prospect Park Lakeside Center,Prospect Park Lakeside Center, 1273459.0,To Be Announced,N/A,N/A,N/A,N/A
NYCEDC,z81,CTA180120127204501, 34,35840001,Prospect Park Lakeside Center,Prospect Park Lakeside Center, 30787.0,To Be Announced,N/A,N/A,N/A,N/A
NYCEDC,z81,CTA180120127204501, 36,35840001,Prospect Park Lakeside Center,Prospect Park Lakeside Center, 30596.0,To Be Announced,N/A,N/A,N/A,N/A
NYCEDC,z81,CTA180120127204501, 6,35840001,Prospect Park Lakeside Center,Prospect Park Lakeside Center, 2228974.81,To Be Announced,N/A,N/A,N/A,N/A
NYCEDC,z81,CTA180120127204501, 14,35840001,Prospect Park Lakeside Center,Prospect Park Lakeside Center, 675519.0,To Be Announced,N/A,N/A,N/A,N/A
NYCEDC,z81,CTA180120127204501, 4,35840001,Prospect Park Lakeside Center,Prospect Park Lakeside Center, 448854.0,To Be Announced,N/A,N/A,N/A,N/A
NYCEDC,z81,CTA180120127204501, 27,35840001,Prospect Park Lakeside Center,Prospect Park Lakeside Center, 57973.0,To Be Announced,N/A,N/A,N/A,N/A
NYCEDC,z81,CTA180120127204501, 18,35840001,Prospect Park Lakeside Center,Prospect Park Lakeside Center, 3308917.89,To Be Announced,N/A,N/A,N/A,N/A
NYCEDC,z81,CTA180120127204501, 3,35840001,Prospect Park Lakeside Center,Prospect Park Lakeside Center, 1967189.0,To Be Announced,N/A,N/A,N/A,N/A
NYCEDC,z81,CTA180120127204501, 31,39580001,Prospect Park Lakeside Center,Prospect Park Lakeside Center, 4610.11,To Be Announced,N/A,N/A,N/A,N/A
NYCEDC,z81,CTA180120127204501, 19,35840001,Prospect Park Lakeside Center,Prospect Park Lakeside Center, 1324332.38,To Be Announced,N/A,N/A,N/A,N/A
NYCEDC,z81,CTA180120127204501, 8,35840001,Prospect Park Lakeside Center,Prospect Park Lakeside Center, 49339.17,To Be Announced,N/A,N/A,N/A,N/A
NYCEDC,z81,CTA180120127204501, 15,35840001,Prospect Park Lakeside Center,Prospect Park Lakeside Center, 490031.35,To Be Announced,N/A,N/A,N/A,N/A
NYCEDC,z81,CTA180120127204501, 25,35840001,Prospect Park Lakeside Center,Prospect Park Lakeside Center, 358000.0,To Be Announced,N/A,N/A,N/A,N/A
NYCEDC,z81,CTA180120127204501, 7,35840001,Prospect Park Lakeside Center,Prospect Park Lakeside Center, 262082.0,To Be Announced,N/A,N/A,N/A,N/A
NYCEDC,z81,CTA180120127204501, 10,35840001,Prospect Park Lakeside Center,Prospect Park Lakeside Center, 120221.0,To Be Announced,N/A,N/A,N/A,N/A
NYCEDC,z81,CTA180120127204501, 11,35840001,Prospect Park Lakeside Center,Prospect Park Lakeside Center, 829551.0,To Be Announced,N/A,N/A,N/A,N/A
NYCEDC,z81,CTA180120127204501, 16,35840001,Prospect Park Lakeside Center,Prospect Park Lakeside Center, 1215667.62,To Be Announced,N/A,N/A,N/A,N/A
NYCEDC,z81,CTA180120127204501, 30,35840001,Prospect Park Lakeside Center,Prospect Park Lakeside Center, 198718.0,To Be Announced,N/A,N/A,N/A,N/A
NYCEDC,z81,CTA180120127204756, 3,32020004,Flatbush - Nostrand Avenue Streetscapes,Flatbush - Nostrand Avenue Streetscapes, 60585.83,To Be Announced,N/A,N/A,N/A,N/A
NYCEDC,z81,CTA180120127204756, 1,32020003,Flatbush - Nostrand Avenue Streetscapes,Flatbush - Nostrand Avenue Streetscapes, 340839.05,To Be Announced,N/A,N/A,N/A,N/A
NYCEDC,z81,CTA180120127204981, 75,47840001,RENOVATION AND CONSTRUCTION OF NEW GOLDWATER NORTH LTACH,RENOVATION AND CONSTRUCTION OF NEW GOLDWATER NORTH LTACH, 91936.0,To Be Announced,N/A,N/A,N/A,N/A
NYCEDC,z81,CTA180120127204981, 1,47840001,RENOVATION AND CONSTRUCTION OF NEW GOLDWATER NORTH LTACH,RENOVATION AND CONSTRUCTION OF NEW GOLDWATER NORTH LTACH, 17121901.01,To Be Announced,N/A,N/A,N/A,N/A
NYCEDC,z81,CTA180120127204981, 84,47840001,CONSTRUCTION OF NEW GOLDWATER NORTH SNF,CONSTRUCTION OF NEW GOLDWATER NORTH SNF, 1072360.0,To Be Announced,N/A,N/A,N/A,N/A
NYCEDC,z81,CTA180120127204981, 59,47840001,RENOVATION AND CONSTRUCTION OF NEW GOLDWATER NORTH LTACH,RENOVATION AND CONSTRUCTION OF NEW GOLDWATER NORTH LTACH, 255644.0,To Be Announced,N/A,N/A,N/A,N/A
NYCEDC,z81,CTA180120127204981, 8,47840001,CONSTRUCTION OF NEW GOLDWATER NORTH SNF,CONSTRUCTION OF NEW GOLDWATER NORTH SNF, 5364127.0,To Be Announced,N/A,N/A,N/A,N/A
NYCEDC,z81,CTA180120127204981, 18,47840001,CONSTRUCTION OF NEW GOLDWATER NORTH SNF,CONSTRUCTION OF NEW GOLDWATER NORTH SNF, 349840.0,To Be Announced,N/A,N/A,N/A,N/A
NYCEDC,z81,CTA180120127204981, 37,47840001,CONSTRUCTION OF NEW GOLDWATER NORTH SNF,CONSTRUCTION OF NEW GOLDWATER NORTH SNF, 615724.0,To Be Announced,N/A,N/A,N/A,N/A
NYCEDC,z81,CTA180120127204981, 4,47840001,CONSTRUCTION OF NEW GOLDWATER NORTH SNF,CONSTRUCTION OF NEW GOLDWATER NORTH SNF, 99000.0,To Be Announced,N/A,N/A,N/A,N/A
NYCEDC,z81,CTA180120127204981, 106,47580001,RENOVATION AND CONSTRUCTION OF NEW GOLDWATER NORTH LTACH,RENOVATION AND CONSTRUCTION OF NEW GOLDWATER NORTH LTACH, 297325.44,To Be Announced,N/A,N/A,N/A,N/A
NYCEDC,z81,CTA180120127204981, 74,47840001,CONSTRUCTION OF NEW GOLDWATER NORTH SNF,CONSTRUCTION OF NEW GOLDWATER NORTH SNF, 59839.0,To Be Announced,N/A,N/A,N/A,N/A
NYCEDC,z81,CTA180120127204981, 52,47840001,CONSTRUCTION OF NEW GOLDWATER NORTH SNF,CONSTRUCTION OF NEW GOLDWATER NORTH SNF, 967985.0,To Be Announced,N/A,N/A,N/A,N/A
NYCEDC,z81,CTA180120127204981, 9,47840001,RENOVATION AND CONSTRUCTION OF NEW GOLDWATER NORTH LTACH,RENOVATION AND CONSTRUCTION OF NEW GOLDWATER NORTH LTACH, 109632.0,To Be Announced,N/A,N/A,N/A,N/A
NYCEDC,z81,CTA180120127204981, 38,47840001,RENOVATION AND CONSTRUCTION OF NEW GOLDWATER NORTH LTACH,RENOVATION AND CONSTRUCTION OF NEW GOLDWATER NORTH LTACH, 61476.0,To Be Announced,N/A,N/A,N/A,N/A
NYCEDC,z81,CTA180120127204981, 73,47840001,RENOVATION AND CONSTRUCTION OF NEW GOLDWATER NORTH LTACH,RENOVATION AND CONSTRUCTION OF NEW GOLDWATER NORTH LTACH, 140684.0,To Be Announced,N/A,N/A,N/A,N/A
NYCEDC,z81,CTA180120127204981, 56,47840001,RENOVATION AND CONSTRUCTION OF NEW GOLDWATER NORTH LTACH,RENOVATION AND CONSTRUCTION OF NEW GOLDWATER NORTH LTACH, 2151.0,To Be Announced,N/A,N/A,N/A,N/A
NYCEDC,z81,CTA180120127204981, 110,47840001,RENOVATION AND CONSTRUCTION OF NEW GOLDWATER NORTH LTACH,RENOVATION AND CONSTRUCTION OF NEW GOLDWATER NORTH LTACH, 133286.0,To Be Announced,N/A,N/A,N/A,N/A
NYCEDC,z81,CTA180120127204981, 2,47840001,CONSTRUCTION OF NEW GOLDWATER NORTH SNF,CONSTRUCTION OF NEW GOLDWATER NORTH SNF, 25276146.05,To Be Announced,N/A,N/A,N/A,N/A
NYCEDC,z81,CTA180120127204981, 49,47840001,RENOVATION AND CONSTRUCTION OF NEW GOLDWATER NORTH LTACH,RENOVATION AND CONSTRUCTION OF NEW GOLDWATER NORTH LTACH, 534305.0,To Be Announced,N/A,N/A,N/A,N/A
NYCEDC,z81,CTA180120127204981, 41,47840001,CONSTRUCTION OF NEW GOLDWATER NORTH SNF,CONSTRUCTION OF NEW GOLDWATER NORTH SNF, 399602.0,To Be Announced,N/A,N/A,N/A,N/A
NYCEDC,z81,CTA180120127204981, 3,47840001,RENOVATION AND CONSTRUCTION OF NEW GOLDWATER NORTH LTACH,RENOVATION AND CONSTRUCTION OF NEW GOLDWATER NORTH LTACH, 3163400.0,To Be Announced,N/A,N/A,N/A,N/A
NYCEDC,z81,CTA180120127204981, 43,47840001,CONSTRUCTION OF NEW GOLDWATER NORTH SNF,CONSTRUCTION OF NEW GOLDWATER NORTH SNF, 35805.0,To Be Announced,N/A,N/A,N/A,N/A
NYCEDC,z81,CTA180120127204981, 107,47580001,CONSTRUCTION OF NEW GOLDWATER NORTH SNF,CONSTRUCTION OF NEW GOLDWATER NORTH SNF, 400360.8,To Be Announced,N/A,N/A,N/A,N/A
NYCEDC,z81,CTA180120127204981, 96,47840001,CONSTRUCTION OF NEW GOLDWATER NORTH SNF,CONSTRUCTION OF NEW GOLDWATER NORTH SNF, 6743.0,To Be Announced,N/A,N/A,N/A,N/A
NYCEDC,z81,CTA180120127204981, 11,47840001,RENOVATION AND CONSTRUCTION OF NEW GOLDWATER NORTH LTACH,RENOVATION AND CONSTRUCTION OF NEW GOLDWATER NORTH LTACH, 1326676.0,To Be Announced,N/A,N/A,N/A,N/A
NYCEDC,z81,CTA180120127204981, 82,47840001,CONSTRUCTION OF NEW GOLDWATER NORTH SNF,CONSTRUCTION OF NEW GOLDWATER NORTH SNF, 398856.0,To Be Announced,N/A,N/A,N/A,N/A
NYCEDC,z81,CTA180120127204981, 17,47840001,RENOVATION AND CONSTRUCTION OF NEW GOLDWATER NORTH LTACH,RENOVATION AND CONSTRUCTION OF NEW GOLDWATER NORTH LTACH, 648770.0,To Be Announced,N/A,N/A,N/A,N/A
NYCEDC,z81,CTA180120127204981, 13,47840001,CONSTRUCTION OF NEW GOLDWATER NORTH SNF,CONSTRUCTION OF NEW GOLDWATER NORTH SNF, 766958.0,To Be Announced,N/A,N/A,N/A,N/A
NYCEDC,z81,CTA180120127204981, 94,47840001,CONSTRUCTION OF NEW GOLDWATER NORTH SNF,CONSTRUCTION OF NEW GOLDWATER NORTH SNF, 106989.0,To Be Announced,N/A,N/A,N/A,N/A
NYCEDC,z81,CTA180120127204981, 86,47840001,CONSTRUCTION OF NEW GOLDWATER NORTH SNF,CONSTRUCTION OF NEW GOLDWATER NORTH SNF, 1640404.37,To Be Announced,N/A,N/A,N/A,N/A
NYCEDC,z81,CTA180120127204981, 32,47840001,RENOVATION AND CONSTRUCTION OF NEW GOLDWATER NORTH LTACH,RENOVATION AND CONSTRUCTION OF NEW GOLDWATER NORTH LTACH, 11439.0,To Be Announced,N/A,N/A,N/A,N/A
NYCEDC,z81,CTA180120127204981, 91,47840001,RENOVATION AND CONSTRUCTION OF NEW GOLDWATER NORTH LTACH,RENOVATION AND CONSTRUCTION OF NEW GOLDWATER NORTH LTACH, 46073.0,To Be Announced,N/A,N/A,N/A,N/A
NYCEDC,z81,CTA180120127204981, 85,47840001,RENOVATION AND CONSTRUCTION OF NEW GOLDWATER NORTH LTACH,RENOVATION AND CONSTRUCTION OF NEW GOLDWATER NORTH LTACH, 644375.0,To Be Announced,N/A,N/A,N/A,N/A
NYCEDC,z81,CTA180120127204981, 77,47840001,RENOVATION AND CONSTRUCTION OF NEW GOLDWATER NORTH LTACH,RENOVATION AND CONSTRUCTION OF NEW GOLDWATER NORTH LTACH, 169801.0,To Be Announced,N/A,N/A,N/A,N/A
NYCEDC,z81,CTA180120127204981, 24,47840001,CONSTRUCTION OF NEW GOLDWATER NORTH SNF,CONSTRUCTION OF NEW GOLDWATER NORTH SNF, 10289794.0,To Be Announced,N/A,N/A,N/A,N/A
NYCEDC,z81,CTA180120127204981, 105,47840001,CONSTRUCTION OF NEW GOLDWATER NORTH SNF,CONSTRUCTION OF NEW GOLDWATER NORTH SNF, 242757.0,To Be Announced,N/A,N/A,N/A,N/A
NYCEDC,z81,CTA180120127204981, 51,47840001,RENOVATION AND CONSTRUCTION OF NEW GOLDWATER NORTH LTACH,RENOVATION AND CONSTRUCTION OF NEW GOLDWATER NORTH LTACH, 444200.0,To Be Announced,N/A,N/A,N/A,N/A
NYCEDC,z81,CTA180120127204981, 89,47840001,RENOVATION AND CONSTRUCTION OF NEW GOLDWATER NORTH LTACH,RENOVATION AND CONSTRUCTION OF NEW GOLDWATER NORTH LTACH, 348484.0,To Be Announced,N/A,N/A,N/A,N/A
NYCEDC,z81,CTA180120127204981, 21,47840001,CONSTRUCTION OF NEW GOLDWATER NORTH SNF,CONSTRUCTION OF NEW GOLDWATER NORTH SNF, 1875000.0,To Be Announced,N/A,N/A,N/A,N/A
NYCEDC,z81,CTA180120127204981, 111,47840001,CONSTRUCTION OF NEW GOLDWATER NORTH SNF,CONSTRUCTION OF NEW GOLDWATER NORTH SNF, 54294.0,To Be Announced,N/A,N/A,N/A,N/A
NYCEDC,z81,CTA180120127204981, 71,47840001,CONSTRUCTION OF NEW GOLDWATER NORTH SNF,CONSTRUCTION OF NEW GOLDWATER NORTH SNF, 151728.0,To Be Announced,N/A,N/A,N/A,N/A
NYCEDC,z81,CTA180120127204981, 87,47840001,RENOVATION AND CONSTRUCTION OF NEW GOLDWATER NORTH LTACH,RENOVATION AND CONSTRUCTION OF NEW GOLDWATER NORTH LTACH, 574292.41,To Be Announced,N/A,N/A,N/A,N/A
NYCEDC,z81,CTA180120127204981, 19,47840001,RENOVATION AND CONSTRUCTION OF NEW GOLDWATER NORTH LTACH,RENOVATION AND CONSTRUCTION OF NEW GOLDWATER NORTH LTACH, 17124677.0,To Be Announced,N/A,N/A,N/A,N/A
NYCEDC,z81,CTA180120127204981, 48,47840001,CONSTRUCTION OF NEW GOLDWATER NORTH SNF,CONSTRUCTION OF NEW GOLDWATER NORTH SNF, 121382.0,To Be Announced,N/A,N/A,N/A,N/A
NYCEDC,z81,CTA180120127204981, 36,47840001,RENOVATION AND CONSTRUCTION OF NEW GOLDWATER NORTH LTACH,RENOVATION AND CONSTRUCTION OF NEW GOLDWATER NORTH LTACH, 2963119.0,To Be Announced,N/A,N/A,N/A,N/A
NYCEDC,z81,CTA180120127204981, 64,47840001,CONSTRUCTION OF NEW GOLDWATER NORTH SNF,CONSTRUCTION OF NEW GOLDWATER NORTH SNF, 4496.0,To Be Announced,N/A,N/A,N/A,N/A
NYCEDC,z81,CTA180120127204981, 15,47840001,RENOVATION AND CONSTRUCTION OF NEW GOLDWATER NORTH LTACH,RENOVATION AND CONSTRUCTION OF NEW GOLDWATER NORTH LTACH, 10661430.0,To Be Announced,N/A,N/A,N/A,N/A
NYCEDC,z81,CTA180120127204981, 28,47840001,CONSTRUCTION OF NEW GOLDWATER NORTH SNF,CONSTRUCTION OF NEW GOLDWATER NORTH SNF, 430000.0,To Be Announced,N/A,N/A,N/A,N/A
NYCEDC,z81,CTA180120127204981, 27,47840001,RENOVATION AND CONSTRUCTION OF NEW GOLDWATER NORTH LTACH,RENOVATION AND CONSTRUCTION OF NEW GOLDWATER NORTH LTACH, 5250750.0,To Be Announced,N/A,N/A,N/A,N/A
NYCEDC,z81,CTA180120127204981, 34,47840002,RENOVATION AND CONSTRUCTION OF NEW GOLDWATER NORTH LTACH,RENOVATION AND CONSTRUCTION OF NEW GOLDWATER NORTH LTACH, 193862.0,To Be Announced,N/A,N/A,N/A,N/A
NYCEDC,z81,CTA180120127204981, 58,47840001,CONSTRUCTION OF NEW GOLDWATER NORTH SNF,CONSTRUCTION OF NEW GOLDWATER NORTH SNF, 326897.0,To Be Announced,N/A,N/A,N/A,N/A
NYCEDC,z81,CTA180120127204981, 104,47840001,RENOVATION AND CONSTRUCTION OF NEW GOLDWATER NORTH LTACH,RENOVATION AND CONSTRUCTION OF NEW GOLDWATER NORTH LTACH, 885848.0,To Be Announced,N/A,N/A,N/A,N/A
NYCEDC,z81,CTA180120127204981, 31,47580001,CONSTRUCTION OF NEW GOLDWATER NORTH SNF,CONSTRUCTION OF NEW GOLDWATER NORTH SNF, 307273.2,To Be Announced,N/A,N/A,N/A,N/A
NYCEDC,z81,CTA180120127204981, 79,47840001,RENOVATION AND CONSTRUCTION OF NEW GOLDWATER NORTH LTACH,RENOVATION AND CONSTRUCTION OF NEW GOLDWATER NORTH LTACH, 98422.0,To Be Announced,N/A,N/A,N/A,N/A
NYCEDC,z81,CTA180120127204981, 68,47840001,RENOVATION AND CONSTRUCTION OF NEW GOLDWATER NORTH LTACH,RENOVATION AND CONSTRUCTION OF NEW GOLDWATER NORTH LTACH, 1898383.0,To Be Announced,N/A,N/A,N/A,N/A
NYCEDC,z81,CTA180120127204981, 95,47840001,RENOVATION AND CONSTRUCTION OF NEW GOLDWATER NORTH LTACH,RENOVATION AND CONSTRUCTION OF NEW GOLDWATER NORTH LTACH, 263566.0,To Be Announced,N/A,N/A,N/A,N/A
NYCEDC,z81,CTA180120127204981, 63,47840001,RENOVATION AND CONSTRUCTION OF NEW GOLDWATER NORTH LTACH,RENOVATION AND CONSTRUCTION OF NEW GOLDWATER NORTH LTACH, 16062.0,To Be Announced,N/A,N/A,N/A,N/A
NYCEDC,z81,CTA180120127204981, 99,47840001,RENOVATION AND CONSTRUCTION OF NEW GOLDWATER NORTH LTACH,RENOVATION AND CONSTRUCTION OF NEW GOLDWATER NORTH LTACH, 272694.0,To Be Announced,N/A,N/A,N/A,N/A
NYCEDC,z81,CTA180120127204981, 65,47840001,RENOVATION AND CONSTRUCTION OF NEW GOLDWATER NORTH LTACH,RENOVATION AND CONSTRUCTION OF NEW GOLDWATER NORTH LTACH, 418822.0,To Be Announced,N/A,N/A,N/A,N/A
NYCEDC,z81,CTA180120127204981, 98,47840001,CONSTRUCTION OF NEW GOLDWATER NORTH SNF,CONSTRUCTION OF NEW GOLDWATER NORTH SNF, 1077127.0,To Be Announced,N/A,N/A,N/A,N/A
NYCEDC,z81,CTA180120127204981, 10,47840001,CONSTRUCTION OF NEW GOLDWATER NORTH SNF,CONSTRUCTION OF NEW GOLDWATER NORTH SNF, 9979716.0,To Be Announced,N/A,N/A,N/A,N/A
NYCEDC,z81,CTA180120127204981, 47,47840001,RENOVATION AND CONSTRUCTION OF NEW GOLDWATER NORTH LTACH,RENOVATION AND CONSTRUCTION OF NEW GOLDWATER NORTH LTACH, 173892.0,To Be Announced,N/A,N/A,N/A,N/A
NYCEDC,z81,CTA180120127204981, 62,47840001,CONSTRUCTION OF NEW GOLDWATER NORTH SNF,CONSTRUCTION OF NEW GOLDWATER NORTH SNF, 71160.0,To Be Announced,N/A,N/A,N/A,N/A
NYCEDC,z81,CTA180120127204981, 25,47840001,RENOVATION AND CONSTRUCTION OF NEW GOLDWATER NORTH LTACH,RENOVATION AND CONSTRUCTION OF NEW GOLDWATER NORTH LTACH, 292716.0,To Be Announced,N/A,N/A,N/A,N/A
NYCEDC,z81,CTA180120127204981, 72,47840001,CONSTRUCTION OF NEW GOLDWATER NORTH SNF,CONSTRUCTION OF NEW GOLDWATER NORTH SNF, 339724.0,To Be Announced,N/A,N/A,N/A,N/A
NYCEDC,z81,CTA180120127204981, 109,47840001,CONSTRUCTION OF NEW GOLDWATER NORTH SNF,CONSTRUCTION OF NEW GOLDWATER NORTH SNF, 2952308.0,To Be Announced,N/A,N/A,N/A,N/A
NYCEDC,z81,CTA180120127204981, 45,47840001,RENOVATION AND CONSTRUCTION OF NEW GOLDWATER NORTH LTACH,RENOVATION AND CONSTRUCTION OF NEW GOLDWATER NORTH LTACH, 729894.0,To Be Announced,N/A,N/A,N/A,N/A
NYCEDC,z81,CTA180120127204981, 44,47840001,CONSTRUCTION OF NEW GOLDWATER NORTH SNF,CONSTRUCTION OF NEW GOLDWATER NORTH SNF, 209400.0,To Be Announced,N/A,N/A,N/A,N/A
NYCEDC,z81,CTA180120127204981, 67,47840001,RENOVATION AND CONSTRUCTION OF NEW GOLDWATER NORTH LTACH,RENOVATION AND CONSTRUCTION OF NEW GOLDWATER NORTH LTACH, 45476.0,To Be Announced,N/A,N/A,N/A,N/A
NYCEDC,z81,CTA180120127204981, 55,47840001,CONSTRUCTION OF NEW GOLDWATER NORTH SNF,CONSTRUCTION OF NEW GOLDWATER NORTH SNF, 318113.0,To Be Announced,N/A,N/A,N/A,N/A
NYCEDC,z81,CTA180120127204981, 12,47840001,RENOVATION AND CONSTRUCTION OF NEW GOLDWATER NORTH LTACH,RENOVATION AND CONSTRUCTION OF NEW GOLDWATER NORTH LTACH, 1475000.0,To Be Announced,N/A,N/A,N/A,N/A
NYCEDC,z81,CTA180120127204981, 97,47840001,RENOVATION AND CONSTRUCTION OF NEW GOLDWATER NORTH LTACH,RENOVATION AND CONSTRUCTION OF NEW GOLDWATER NORTH LTACH, 224074.0,To Be Announced,N/A,N/A,N/A,N/A
NYCEDC,z81,CTA180120127204981, 16,47840001,CONSTRUCTION OF NEW GOLDWATER NORTH SNF,CONSTRUCTION OF NEW GOLDWATER NORTH SNF, 3686210.0,To Be Announced,N/A,N/A,N/A,N/A
NYCEDC,z81,CTA180120127204981, 50,47840001,CONSTRUCTION OF NEW GOLDWATER NORTH SNF,CONSTRUCTION OF NEW GOLDWATER NORTH SNF, 417774.0,To Be Announced,N/A,N/A,N/A,N/A
NYCEDC,z81,CTA180120127204981, 33,47840001,CONSTRUCTION OF NEW GOLDWATER NORTH SNF,CONSTRUCTION OF NEW GOLDWATER NORTH SNF, 150918.0,To Be Announced,N/A,N/A,N/A,N/A
NYCEDC,z81,CTA180120127204981, 92,47840001,CONSTRUCTION OF NEW GOLDWATER NORTH SNF,CONSTRUCTION OF NEW GOLDWATER NORTH SNF, 64534.0,To Be Announced,N/A,N/A,N/A,N/A
NYCEDC,z81,CTA180120127204981, 90,47840001,CONSTRUCTION OF NEW GOLDWATER NORTH SNF,CONSTRUCTION OF NEW GOLDWATER NORTH SNF, 144543.0,To Be Announced,N/A,N/A,N/A,N/A
NYCEDC,z81,CTA180120127204981, 61,47840001,RENOVATION AND CONSTRUCTION OF NEW GOLDWATER NORTH LTACH,RENOVATION AND CONSTRUCTION OF NEW GOLDWATER NORTH LTACH, 311598.0,To Be Announced,N/A,N/A,N/A,N/A
NYCEDC,z81,CTA180120127204981, 22,47840001,RENOVATION AND CONSTRUCTION OF NEW GOLDWATER NORTH LTACH,RENOVATION AND CONSTRUCTION OF NEW GOLDWATER NORTH LTACH, 1500000.0,To Be Announced,N/A,N/A,N/A,N/A
NYCEDC,z81,CTA180120127204981, 70,47840001,RENOVATION AND CONSTRUCTION OF NEW GOLDWATER NORTH LTACH,RENOVATION AND CONSTRUCTION OF NEW GOLDWATER NORTH LTACH, 310723.0,To Be Announced,N/A,N/A,N/A,N/A
NYCEDC,z81,CTA180120127204981, 46,47840001,CONSTRUCTION OF NEW GOLDWATER NORTH SNF,CONSTRUCTION OF NEW GOLDWATER NORTH SNF, 456206.0,To Be Announced,N/A,N/A,N/A,N/A
NYCEDC,z81,CTA180120127204981, 76,47840001,CONSTRUCTION OF NEW GOLDWATER NORTH SNF,CONSTRUCTION OF NEW GOLDWATER NORTH SNF, 33600.0,To Be Announced,N/A,N/A,N/A,N/A
NYCEDC,z81,CTA180120127204981, 80,47840001,CONSTRUCTION OF NEW GOLDWATER NORTH SNF,CONSTRUCTION OF NEW GOLDWATER NORTH SNF, 31134.0,To Be Announced,N/A,N/A,N/A,N/A
NYCEDC,z81,CTA180120127204981, 66,47840001,CONSTRUCTION OF NEW GOLDWATER NORTH SNF,CONSTRUCTION OF NEW GOLDWATER NORTH SNF, 597841.0,To Be Announced,N/A,N/A,N/A,N/A
NYCEDC,z81,CTA180120127204981, 5,47840001,RENOVATION AND CONSTRUCTION OF NEW GOLDWATER NORTH LTACH,RENOVATION AND CONSTRUCTION OF NEW GOLDWATER NORTH LTACH, 6271244.0,To Be Announced,N/A,N/A,N/A,N/A
NYCEDC,z81,CTA180120127204981, 83,47840001,RENOVATION AND CONSTRUCTION OF NEW GOLDWATER NORTH LTACH,RENOVATION AND CONSTRUCTION OF NEW GOLDWATER NORTH LTACH, 733084.0,To Be Announced,N/A,N/A,N/A,N/A
NYCEDC,z81,CTA180120127204981, 30,47840001,CONSTRUCTION OF NEW GOLDWATER NORTH SNF,CONSTRUCTION OF NEW GOLDWATER NORTH SNF, 1200000.0,To Be Announced,N/A,N/A,N/A,N/A
NYCEDC,z81,CTA180120127204981, 100,47840001,CONSTRUCTION OF NEW GOLDWATER NORTH SNF,CONSTRUCTION OF NEW GOLDWATER NORTH SNF, 684117.0,To Be Announced,N/A,N/A,N/A,N/A
NYCEDC,z81,CTA180120127204981, 88,47840001,CONSTRUCTION OF NEW GOLDWATER NORTH SNF,CONSTRUCTION OF NEW GOLDWATER NORTH SNF, 203828.35,To Be Announced,N/A,N/A,N/A,N/A
NYCEDC,z81,CTA180120127204981, 93,47840001,RENOVATION AND CONSTRUCTION OF NEW GOLDWATER NORTH LTACH,RENOVATION AND CONSTRUCTION OF NEW GOLDWATER NORTH LTACH, 1559282.0,To Be Announced,N/A,N/A,N/A,N/A
NYCEDC,z81,CTA180120127204981, 108,47840001,RENOVATION AND CONSTRUCTION OF NEW GOLDWATER NORTH LTACH,RENOVATION AND CONSTRUCTION OF NEW GOLDWATER NORTH LTACH, 5994069.0,To Be Announced,N/A,N/A,N/A,N/A
NYCEDC,z81,CTA180120127204981, 103,47840001,CONSTRUCTION OF NEW GOLDWATER NORTH SNF,CONSTRUCTION OF NEW GOLDWATER NORTH SNF, 242657.0,To Be Announced,N/A,N/A,N/A,N/A
NYCEDC,z81,CTA180120127204981, 23,47840001,RENOVATION AND CONSTRUCTION OF NEW GOLDWATER NORTH LTACH,RENOVATION AND CONSTRUCTION OF NEW GOLDWATER NORTH LTACH, 1750000.0,To Be Announced,N/A,N/A,N/A,N/A
NYCEDC,z81,CTA180120127204981, 26,47840001,CONSTRUCTION OF NEW GOLDWATER NORTH SNF,CONSTRUCTION OF NEW GOLDWATER NORTH SNF, 7265000.0,To Be Announced,N/A,N/A,N/A,N/A
NYCEDC,z81,CTA180120127204981, 42,47840001,RENOVATION AND CONSTRUCTION OF NEW GOLDWATER NORTH LTACH,RENOVATION AND CONSTRUCTION OF NEW GOLDWATER NORTH LTACH, 19997.0,To Be Announced,N/A,N/A,N/A,N/A
NYCEDC,z81,CTA180120127204981, 57,47840001,CONSTRUCTION OF NEW GOLDWATER NORTH SNF,CONSTRUCTION OF NEW GOLDWATER NORTH SNF, 4520.0,To Be Announced,N/A,N/A,N/A,N/A
NYCEDC,z81,CTA180120127204981, 102,47840001,RENOVATION AND CONSTRUCTION OF NEW GOLDWATER NORTH LTACH,RENOVATION AND CONSTRUCTION OF NEW GOLDWATER NORTH LTACH, 471861.0,To Be Announced,N/A,N/A,N/A,N/A
NYCEDC,z81,CTA180120127204981, 6,47840001,CONSTRUCTION OF NEW GOLDWATER NORTH SNF,CONSTRUCTION OF NEW GOLDWATER NORTH SNF, 13158227.0,To Be Announced,N/A,N/A,N/A,N/A
NYCEDC,z81,CTA180120127204981, 7,47840001,RENOVATION AND CONSTRUCTION OF NEW GOLDWATER NORTH LTACH,RENOVATION AND CONSTRUCTION OF NEW GOLDWATER NORTH LTACH, 29828.0,To Be Announced,N/A,N/A,N/A,N/A
NYCEDC,z81,CTA180120127204981, 14,47840001,CONSTRUCTION OF NEW GOLDWATER NORTH SNF,CONSTRUCTION OF NEW GOLDWATER NORTH SNF, 988073.0,To Be Announced,N/A,N/A,N/A,N/A
NYCEDC,z81,CTA180120127204981, 60,47840001,CONSTRUCTION OF NEW GOLDWATER NORTH SNF,CONSTRUCTION OF NEW GOLDWATER NORTH SNF, 229636.0,To Be Announced,N/A,N/A,N/A,N/A
NYCEDC,z81,CTA180120127204981, 39,47840001,CONSTRUCTION OF NEW GOLDWATER NORTH SNF,CONSTRUCTION OF NEW GOLDWATER NORTH SNF, 1584769.0,To Be Announced,N/A,N/A,N/A,N/A
NYCEDC,z81,CTA180120127204981, 20,47840001,CONSTRUCTION OF NEW GOLDWATER NORTH SNF,CONSTRUCTION OF NEW GOLDWATER NORTH SNF, 1857202.0,To Be Announced,N/A,N/A,N/A,N/A
NYCEDC,z81,CTA180120127204981, 54,47840001,RENOVATION AND CONSTRUCTION OF NEW GOLDWATER NORTH LTACH,RENOVATION AND CONSTRUCTION OF NEW GOLDWATER NORTH LTACH, 436641.0,To Be Announced,N/A,N/A,N/A,N/A
NYCEDC,z81,CTA180120127204981, 35,47840002,CONSTRUCTION OF NEW GOLDWATER NORTH SNF,CONSTRUCTION OF NEW GOLDWATER NORTH SNF, 384371.0,To Be Announced,N/A,N/A,N/A,N/A
NYCEDC,z81,CTA180120127204981, 69,47840001,CONSTRUCTION OF NEW GOLDWATER NORTH SNF,CONSTRUCTION OF NEW GOLDWATER NORTH SNF, 663370.0,To Be Announced,N/A,N/A,N/A,N/A
NYCEDC,z81,CTA180120127204981, 40,47840001,RENOVATION AND CONSTRUCTION OF NEW GOLDWATER NORTH LTACH,RENOVATION AND CONSTRUCTION OF NEW GOLDWATER NORTH LTACH, 203250.0,To Be Announced,N/A,N/A,N/A,N/A
NYCEDC,z81,CTA180120127204981, 29,47840001,RENOVATION AND CONSTRUCTION OF NEW GOLDWATER NORTH LTACH,RENOVATION AND CONSTRUCTION OF NEW GOLDWATER NORTH LTACH, 1000000.0,To Be Announced,N/A,N/A,N/A,N/A
NYCEDC,z81,CTA180120127204981, 78,47840001,CONSTRUCTION OF NEW GOLDWATER NORTH SNF,CONSTRUCTION OF NEW GOLDWATER NORTH SNF, 143403.0,To Be Announced,N/A,N/A,N/A,N/A
NYCEDC,z81,CTA180120127204981, 81,47840001,RENOVATION AND CONSTRUCTION OF NEW GOLDWATER NORTH LTACH,RENOVATION AND CONSTRUCTION OF NEW GOLDWATER NORTH LTACH, 110253.0,To Be Announced,N/A,N/A,N/A,N/A
NYCEDC,z81,CTA180120127205221, 2,NULL,SBMT - Axis,SBMT - Axis, 10605.3,To Be Announced,N/A,N/A,N/A,N/A
NYCEDC,z81,CTA180120127205221, 1,NULL,Marine 9 Facility (Homeport),Marine 9 Facility (Homeport), 64033.2,To Be Announced,N/A,N/A,N/A,N/A
NYCEDC,z81,CTA180120127205311, 1,MOU,NYCEDC - DOT BAT Occupancy #1640,NYCEDC - DOT BAT Occupancy #1640, 610000.0,To Be Announced,N/A,N/A,N/A,N/A
NYCEDC,z81,CTA180120127205311, 2,MOU,NYCEDC - DOT BAT Occupancy #1640,NYCEDC - DOT BAT Occupancy #1640, 500000.0,To Be Announced,N/A,N/A,N/A,N/A
NYCEDC,z81,CTA180120127205716, 1,NULL,FA - The Arthur Avenue Retail Market,FA - The Arthur Avenue Retail Market, 4520.39,To Be Announced,N/A,N/A,N/A,N/A
NYCEDC,z81,CTA180120127205867, 10,47580001,Coney Island Steeplechase Plaza,Coney Island Steeplechase Plaza, 62301.2,To Be Announced,N/A,N/A,N/A,N/A
NYCEDC,z81,CTA180120127205971, 2,32020003,CNED - Bedford Stuyvesant,CNED - Bedford Stuyvesant, 210265.97,To Be Announced,N/A,N/A,N/A,N/A
NYCEDC,z81,CTA180120127205986, 1,33880001,FA - Whitney Museum Renovation and Expansion,FA - Whitney Museum Renovation and Expansion, 23000000.0,To Be Announced,N/A,N/A,N/A,N/A
NYCEDC,z81,CTA180120127205987, 1,33880001,FA - Whitney Museum Renovation and Expansion,FA - Whitney Museum Renovation and Expansion, 2400000.0,To Be Announced,N/A,N/A,N/A,N/A
NYCEDC,z81,CTA180120127206106, 2,23960001,Piers 88 & 90 Cluster Encapsulation Project,Piers 88 & 90 Cluster Encapsulation Project, 117223.42,To Be Announced,N/A,N/A,N/A,N/A
NYCEDC,z81,CTA180120127206106, 1,23960001,Piers 88 & 90 Cluster Encapsulation Project,Piers 88 & 90 Cluster Encapsulation Project, 7952440.0,To Be Announced,N/A,N/A,N/A,N/A
NYCEDC,z81,CTA180120127206106, 7,23960006,Piers 88 & 90 Cluster Encapsulation Project,Piers 88 & 90 Cluster Encapsulation Project, 99989.0,To Be Announced,N/A,N/A,N/A,N/A
NYCEDC,z81,CTA180120127206106, 4,23960001,Piers 88 & 90 Cluster Encapsulation Project,Piers 88 & 90 Cluster Encapsulation Project, 251744.09,To Be Announced,N/A,N/A,N/A,N/A
NYCEDC,z81,CTA180120127206106, 3,23960001,Piers 88 & 90 Cluster Encapsulation Project,Piers 88 & 90 Cluster Encapsulation Project, 528851.17,To Be Announced,N/A,N/A,N/A,N/A
NYCEDC,z81,CTA180120127206106, 6,23960001,Piers 88 & 90 Cluster Encapsulation Project,Piers 88 & 90 Cluster Encapsulation Project, 107223.02,To Be Announced,N/A,N/A,N/A,N/A
NYCEDC,z81,CTA180120127206106, 5,23960001,Piers 88 & 90 Cluster Encapsulation Project,Piers 88 & 90 Cluster Encapsulation Project, 626726.67,To Be Announced,N/A,N/A,N/A,N/A
NYCEDC,z81,CTA180120127206316, 7,47580003,BAM LDC - Strand Theatre Redevelopment,BAM LDC - Strand Theatre Redevelopment, 202000.0,To Be Announced,N/A,N/A,N/A,N/A
NYCEDC,z81,CTA180120127207321, 1,NULL,FA - Orchestra of St. Lukes Theater Renovation,FA - Orchestra of St. Lukes Theater Renovation, 27626.14,To Be Announced,N/A,N/A,N/A,N/A
NYCEDC,z81,CTA180120127207321, 3,NULL,New York Academy of Sciences,New York Academy of Sciences, 6208.0,To Be Announced,N/A,N/A,N/A,N/A
NYCEDC,z81,CTA180120127207321, 4,NULL,FA - Federation of Italian American Organizations,FA - Federation of Italian American Organizations, 12971.58,To Be Announced,N/A,N/A,N/A,N/A
NYCEDC,z81,CTA180120127207321, 2,NULL,FA - SUNY Downstate Biotech Incubator Phase 3,FA - SUNY Downstate Biotech Incubator Phase 3, 13605.78,To Be Announced,N/A,N/A,N/A,N/A
NYCEDC,z81,CTA180120137200122, 1,29840007,Willets Point Environmental,Willets Point Environmental, 9100.0,To Be Announced,N/A,N/A,N/A,N/A
NYCEDC,z81,CTA180120137201426, 1,22880001,FA - SBMT Pier (SIMS Recycling),FA - SBMT Pier (SIMS Recycling), 11396000.0,To Be Announced,N/A,N/A,N/A,N/A
NYCEDC,z81,CTA180120137202372, 1,39900001,FA - Intrepid Museum Foundation - cooling tower,FA - Intrepid Museum Foundation - cooling tower, 4070888.0,To Be Announced,N/A,N/A,N/A,N/A
NYCEDC,z81,CTA180120137202476, 4,23960006,Manhattan Cruise Terminal - Viaduct Concrete Rehabilitation,Manhattan Cruise Terminal - Viaduct Concrete Rehabilitation, 1204205.0,To Be Announced,N/A,N/A,N/A,N/A
NYCEDC,z81,CTA180120137202476, 2,23960006,Manhattan Cruise Terminal - Viaduct Concrete Rehabilitation,Manhattan Cruise Terminal - Viaduct Concrete Rehabilitation, 220629.0,To Be Announced,N/A,N/A,N/A,N/A
NYCEDC,z81,CTA180120137202476, 3,23960006,Manhattan Cruise Terminal - Viaduct Concrete Rehabilitation,Manhattan Cruise Terminal - Viaduct Concrete Rehabilitation, 22554.0,To Be Announced,N/A,N/A,N/A,N/A
NYCEDC,z81,CTA180120137202476, 1,23960006,Manhattan Cruise Terminal - Viaduct Concrete Rehabilitation,Manhattan Cruise Terminal - Viaduct Concrete Rehabilitation, 139200.0,To Be Announced,N/A,N/A,N/A,N/A
NYCEDC,z81,CTA180120137202671, 1,51230001,BAM- Harvey Theater Seat Replacement,BAM- Harvey Theater Seat Replacement, 5565513.0,"BROOKLYN ACADEMY OF MUSIC, INC.",CONTRACT#37610001 & 51230001,N/A,N/A,N/A
NYCEDC,z81,CTA180120137202776, 1,23960001,Passenger Ship Terminal - Brooklyn Cruise Terminal,Passenger Ship Terminal - Brooklyn Cruise Terminal, 214787.44,To Be Announced,N/A,N/A,N/A,N/A
NYCEDC,z81,CTA180120137202822, 1,42760001,FA - YM & YWHA of Washington Heights Renovation,FA - YM & YWHA of Washington Heights Renovation, 1402050.0,To Be Announced,N/A,N/A,N/A,N/A
NYCEDC,z81,CTA180120137203346, 5,16550009,34th Street Ferry Landing,34th Street Ferry Landing, 40046.73,To Be Announced,N/A,N/A,N/A,N/A
NYCEDC,z81,CTA180120137203346, 3,16550009,34th Street Ferry Landing,34th Street Ferry Landing, 52818.48,To Be Announced,N/A,N/A,N/A,N/A
NYCEDC,z81,CTA180120137203346, 4,16550009,34th Street Ferry Landing,34th Street Ferry Landing, 54973.96,To Be Announced,N/A,N/A,N/A,N/A
NYCEDC,z81,CTA180120137203346, 1,16550009,34th Street Ferry Landing,34th Street Ferry Landing, 31127.0,To Be Announced,N/A,N/A,N/A,N/A
NYCEDC,z81,CTA180120137203346, 2,16550009,34th Street Ferry Landing,34th Street Ferry Landing, 150728.73,To Be Announced,N/A,N/A,N/A,N/A
NYCEDC,z81,CTA180120137203346, 7,16550009,34th Street Ferry Landing,34th Street Ferry Landing, 102379.48,To Be Announced,N/A,N/A,N/A,N/A
NYCEDC,z81,CTA180120137203781, 4,NULL,"URBAN HEALTH PLAN, INC - EXPANSION - FACILITY EXPANSION","URBAN HEALTH PLAN, INC - EXPANSION - FACILITY EXPANSION", 24184.25,To Be Announced,N/A,N/A,N/A,N/A
NYCEDC,z81,CTA180120137203781, 2,NULL,CONSTRUCTION OF NEW GOLDWATER NORTH SNF,CONSTRUCTION OF NEW GOLDWATER NORTH SNF, 446743.31,To Be Announced,N/A,N/A,N/A,N/A
NYCEDC,z81,CTA180120137203781, 1,NULL,RENOVATION AND CONSTRUCTION OF NEW GOLDWATER NORTH LTACH,RENOVATION AND CONSTRUCTION OF NEW GOLDWATER NORTH LTACH, 472160.04,To Be Announced,N/A,N/A,N/A,N/A
NYCEDC,z81,CTA180120137203781, 3,NULL,FA - Whitney Museum Renovation and Expansion,FA - Whitney Museum Renovation and Expansion, 45996.57,To Be Announced,N/A,N/A,N/A,N/A
NYCEDC,z81,CTA180120137204141, 1,MOU,NYCEDC: CHILD CONTRACT - MOER REGISTRATIONS,NYCEDC: CHILD CONTRACT - MOER REGISTRATIONS, 1812231.92,To Be Announced,N/A,N/A,N/A,N/A
NYCEDC,z81,CTA180120137204201, 1,MOU,NYCEDC: CHILD CONTRACT - PARK DEPT WORKFORCE DEV,NYCEDC: CHILD CONTRACT - PARK DEPT WORKFORCE DEV, 945000.0,To Be Announced,N/A,N/A,N/A,N/A
NYCEDC,z81,CTA180120137204247, 1,47490001,United Cerebral Palsy of Queens Inc,United Cerebral Palsy of Queens Inc, 655200.0,To Be Announced,N/A,N/A,N/A,N/A
NYCEDC,z81,CTA180120137204501, 2,47580003,Highline Phase 3,Highline Phase 3, 88760.0,To Be Announced,N/A,N/A,N/A,N/A
NYCEDC,z81,CTA180120137204726, 3,MOU,Child Contract; NYCEDC - BAT Smart Grid Project,Child Contract; NYCEDC - BAT Smart Grid Project, 43679.36,To Be Announced,N/A,N/A,N/A,N/A
NYCEDC,z81,CTA180120137204726, 1,MOU,Child Contract; NYCEDC - BAT Smart Grid Project,Child Contract; NYCEDC - BAT Smart Grid Project, 929277.95,To Be Announced,N/A,N/A,N/A,N/A
NYCEDC,z81,CTA180120137204726, 2,MOU,Child Contract; NYCEDC - BAT Smart Grid Project,Child Contract; NYCEDC - BAT Smart Grid Project, 244000.0,To Be Announced,N/A,N/A,N/A,N/A
NYCEDC,z81,CTA180120137204936, 3,23960006,E. 34th Street Heliport Rehabilitation,E. 34th Street Heliport Rehabilitation, 360671.0,To Be Announced,N/A,N/A,N/A,N/A
NYCEDC,z81,CTA180120137204936, 1,23960006,E. 34th Street Heliport Rehabilitation,E. 34th Street Heliport Rehabilitation, 403694.0,To Be Announced,N/A,N/A,N/A,N/A
NYCEDC,z81,CTA180120137204936, 2,23960006,E. 34th Street Heliport Rehabilitation,E. 34th Street Heliport Rehabilitation, 230775.0,To Be Announced,N/A,N/A,N/A,N/A
NYCEDC,z81,CTA180120137205176, 7,23960006,ROCKAWAY BEACH BULKHEAD,ROCKAWAY BEACH BULKHEAD, 348383.7,To Be Announced,N/A,N/A,N/A,N/A
NYCEDC,z81,CTA180120137205176, 8,23960006,ROCKAWAY BEACH BULKHEAD,ROCKAWAY BEACH BULKHEAD, 140147.25,To Be Announced,N/A,N/A,N/A,N/A
NYCEDC,z81,CTA180120137205176, 6,23960006,ROCKAWAY BEACH BULKHEAD,ROCKAWAY BEACH BULKHEAD, 74875.0,To Be Announced,N/A,N/A,N/A,N/A
NYCEDC,z81,CTA180120137205176, 5,23960006,ROCKAWAY BEACH BULKHEAD,ROCKAWAY BEACH BULKHEAD, 1609180.0,To Be Announced,N/A,N/A,N/A,N/A
NYCEDC,z81,CTA180120137205176, 1,23960006,ROCKAWAY BEACH BULKHEAD,ROCKAWAY BEACH BULKHEAD, 257094.0,To Be Announced,N/A,N/A,N/A,N/A
NYCEDC,z81,CTA180120137205176, 3,23960006,ROCKAWAY BEACH BULKHEAD,ROCKAWAY BEACH BULKHEAD, 2285664.0,To Be Announced,N/A,N/A,N/A,N/A
NYCEDC,z81,CTA180120137205176, 4,23960006,ROCKAWAY BEACH BULKHEAD,ROCKAWAY BEACH BULKHEAD, 2162649.2,To Be Announced,N/A,N/A,N/A,N/A
NYCEDC,z81,CTA180120137205176, 2,23960006,ROCKAWAY BEACH BULKHEAD,ROCKAWAY BEACH BULKHEAD, 10905449.0,To Be Announced,N/A,N/A,N/A,N/A
NYCEDC,z81,CTA180120137206857, 1,MOU,CHILD CONTRACT: NYCEDC - DOT - BAT OCCUPANY PERMIT,CHILD CONTRACT: NYCEDC - DOT - BAT OCCUPANY PERMIT, 500000.0,To Be Announced,N/A,N/A,N/A,N/A
NYCEDC,z81,CTA180120137206858, 1,MOU,CHILD CONTRACT: NYCEDC - NORTH RIVER COGEN,CHILD CONTRACT: NYCEDC - NORTH RIVER COGEN, 108640.0,To Be Announced,N/A,N/A,N/A,N/A
NYCEDC,z81,CTA180120137206859, 1,MOU,CHILD CONTRACT: NYCEDC- ST GEORGE & WHITEHALL FERRY TERMINAL,CHILD CONTRACT: NYCEDC- ST GEORGE & WHITEHALL FERRY TERMINAL, 127809.02,To Be Announced,N/A,N/A,N/A,N/A
NYCEDC,z81,CTA180120137206860, 1,MOU,CHILD CONTRACT: NYCEDC - EAST RIVER FERRY SERVICE,CHILD CONTRACT: NYCEDC - EAST RIVER FERRY SERVICE, 2932600.0,To Be Announced,N/A,N/A,N/A,N/A
NYCEDC,z81,CTA180120137206991, 1,35860001,Rockaway Waterfront Alliance-Firehouse for Sustain Envi.,Rockaway Waterfront Alliance-Firehouse for Sustain Envi., 1462500.0,To Be Announced,N/A,N/A,N/A,N/A
NYCEDC,z81,CTA180120137207246, 1,MOU,(FA) NYCEDC CHILD CONTRACT: CHILDCARE LOAN PROGRAM,(FA) NYCEDC CHILD CONTRACT: CHILDCARE LOAN PROGRAM, 300000.0,To Be Announced,N/A,N/A,N/A,N/A
NYCEDC,z81,CTA180120137207247, 1,MOU,NYCEDC: CHILD CONTRACT - MOME MEDIA CENTER INCUBATOR,NYCEDC: CHILD CONTRACT - MOME MEDIA CENTER INCUBATOR, 1290000.0,To Be Announced,N/A,N/A,N/A,N/A
NYCEDC,z81,CTA180120137207248, 1,MOU,NYCEDC: CHILD CONTRACT - NYC HIGH TECH CONNECT,NYCEDC: CHILD CONTRACT - NYC HIGH TECH CONNECT, 260150.0,To Be Announced,N/A,N/A,N/A,N/A
NYCEDC,z81,CTA180120137207249, 1,MOU,NYCEDC: CHILD CONTRACT - DESIGN THE EDGE PHASE 2,NYCEDC: CHILD CONTRACT - DESIGN THE EDGE PHASE 2, 2795.0,To Be Announced,N/A,N/A,N/A,N/A
NYCEDC,z81,CTA180120137207322, 1,MOU,NYCEDC: CHILD CONTRACT - GRAFFITI FREE NYC,NYCEDC: CHILD CONTRACT - GRAFFITI FREE NYC, 2386171.29,To Be Announced,N/A,N/A,N/A,N/A
NYCEDC,z81,CTA180120137207396, 1,MOU,NYCEDC:CHILD CONTRACT - DOHMH. H. FOOD & FIT BIZ COORDINATOR,NYCEDC:CHILD CONTRACT - DOHMH. H. FOOD & FIT BIZ COORDINATOR, 81785.0,To Be Announced,N/A,N/A,N/A,N/A
NYCEDC,z81,CTA180120137207397, 1,33880001,FA - Whitney Museum Renovation and Expansion,FA - Whitney Museum Renovation and Expansion, 4500000.0,To Be Announced,N/A,N/A,N/A,N/A
NYCEDC,z81,CTA180120137207397, 2,33880001,FA - Whitney Museum Renovation and Expansion,FA - Whitney Museum Renovation and Expansion, 19999999.0,To Be Announced,N/A,N/A,N/A,N/A
NYCEDC,z81,CTA180120137207398, 1,MOU,NYCEDC: CHILD CONTRACT - STAFFING FOR PLANYC,NYCEDC: CHILD CONTRACT - STAFFING FOR PLANYC, 178220.0,To Be Announced,N/A,N/A,N/A,N/A
NYCEDC,z81,CTA180120137207399, 1,MOU,NYCEDC:CHILD CONTRACT - TAXI OF FUTURE/ICONIC NYC TAXICABS,NYCEDC:CHILD CONTRACT - TAXI OF FUTURE/ICONIC NYC TAXICABS, 332535.55,To Be Announced,N/A,N/A,N/A,N/A
NYCEDC,z81,CTA180120137207400, 1,MOU,NYCEDC:CHILD CONTRACT - TAXI OF TMRW ENVIRO ASSESSMENT,NYCEDC:CHILD CONTRACT - TAXI OF TMRW ENVIRO ASSESSMENT, 280000.61,To Be Announced,N/A,N/A,N/A,N/A
NYCEDC,z81,CTA180120137207401, 1,MOU,(FA)NYCEDC:CHILD CONTRACT - MID COM COURT & R.H. JUSTICE CTR,(FA)NYCEDC:CHILD CONTRACT - MID COM COURT & R.H. JUSTICE CTR, 886931.0,To Be Announced,N/A,N/A,N/A,N/A
NYCEDC,z81,CTA180120137207426, 1,MOU,NYCEDC: CHILD CONTRACT - GREEN INFRA. - SETH LOW&HOPE GARDEN,NYCEDC: CHILD CONTRACT - GREEN INFRA. - SETH LOW&HOPE GARDEN, 1098477.0,To Be Announced,N/A,N/A,N/A,N/A
NYCEDC,z81,CTA180120137207428, 1,MOU,NYCEDC: CHILD CONTRACT - LINK LEAP INITIATIVE,NYCEDC: CHILD CONTRACT - LINK LEAP INITIATIVE, 101669.0,To Be Announced,N/A,N/A,N/A,N/A
NYCEDC,z81,CTA180120137207429, 1,MOU,NYCEDC: CHILD CONTRACT - LINK DIGITAL WORK NYC,NYCEDC: CHILD CONTRACT - LINK DIGITAL WORK NYC, 306406.0,To Be Announced,N/A,N/A,N/A,N/A
NYCEDC,z81,CTA180120137207756, 1,MOU,NYCEDC: CHILD CONTRACT - WORKFORCE DEVELOPMENT CORP.,NYCEDC: CHILD CONTRACT - WORKFORCE DEVELOPMENT CORP., 1012120.0,To Be Announced,N/A,N/A,N/A,N/A
NYCEDC,z81,CTA180120137207771, 3,39580001,Green Infrastructure 26W,Green Infrastructure 26W, 2000000.0,To Be Announced,N/A,N/A,N/A,N/A
NYCEDC,z81,CTA180120137208341, 2,23960006,Beach 108th Bulkhead Rehabilitiation,Beach 108th Bulkhead Rehabilitiation, 703710.0,To Be Announced,N/A,N/A,N/A,N/A
NYCEDC,z81,CTA180120137208341, 1,23960006,Beach 108th Bulkhead Rehabilitiation,Beach 108th Bulkhead Rehabilitiation, 456345.0,To Be Announced,N/A,N/A,N/A,N/A
NYCEDC,z81,CTA180120137208476, 4,42570003,HYDC - MID-BLOCK BLVD AND CROSS STREETS-HUDSON YARD VICINITY,HYDC - MID-BLOCK BLVD AND CROSS STREETS-HUDSON YARD VICINITY, 2174533.17,To Be Announced,N/A,N/A,N/A,N/A
NYCEDC,z81,CTA180120137208476, 3,42570001,HYDC - MID-BLOCK BLVD AND CROSS STREETS-HUDSON YARD VICINITY,HYDC - MID-BLOCK BLVD AND CROSS STREETS-HUDSON YARD VICINITY, 240000.0,To Be Announced,N/A,N/A,N/A,N/A
NYCEDC,z81,CTA180120147200286, 2,MOU,NYCEDC: CHILD CONTRACT - NYPD WTC LICENSE AGREEMENT,NYCEDC: CHILD CONTRACT - NYPD WTC LICENSE AGREEMENT, 86238.0,To Be Announced,N/A,N/A,N/A,N/A
NYCEDC,z81,CTA180120147200286, 1,MOU,NYCEDC: CHILD CONTRACT - NYPD WTC LICENSE AGREEMENT,NYCEDC: CHILD CONTRACT - NYPD WTC LICENSE AGREEMENT, 91507.05,To Be Announced,N/A,N/A,N/A,N/A
NYCEDC,z81,CTA180120147200452, 1,48660001,WNYC - Emergency Back-Up and Broadcast Equipment,WNYC - Emergency Back-Up and Broadcast Equipment, 680510.05,To Be Announced,N/A,N/A,N/A,N/A
NYCEDC,z81,CTA180120147200661, 1,MOU,NYCEDC: CHILD CONTRACT: SBMT UTILITY INSTALLATION,NYCEDC: CHILD CONTRACT: SBMT UTILITY INSTALLATION, 236001.0,To Be Announced,N/A,N/A,N/A,N/A
NYCEDC,z81,CTA180120147200826, 1,MOU,NYCEDC Subcontract: St George & Whitehall Ferry Terminal,NYCEDC Subcontract: St George & Whitehall Ferry Terminal, 127809.0,To Be Announced,N/A,N/A,N/A,N/A
NYCEDC,z81,CTA180120147201081, 1,MOU,NYCEDC: CHILD CONTRACT - FULTON CORRIDOR REVITALIZATION,NYCEDC: CHILD CONTRACT - FULTON CORRIDOR REVITALIZATION, 464462.34,To Be Announced,N/A,N/A,N/A,N/A
NYCEDC,z81,CTA180120147201082, 1,MOU,NYCEDC: CHILD CONTRACT - RANDALL ISLAND CONNECTOR,NYCEDC: CHILD CONTRACT - RANDALL ISLAND CONNECTOR, 21247.49,To Be Announced,N/A,N/A,N/A,N/A
NYCEDC,z81,CTA180120147201291, 1,55510001,RFEI for an Applied Science and Engineering facility,RFEI for an Applied Science and Engineering facility, 11993519.0,To Be Announced,N/A,N/A,N/A,N/A
NYCEDC,z81,CTA180120147201291, 2,55510001,RFEI for an Applied Science and Engineering facility,RFEI for an Applied Science and Engineering facility, 88006481.0,To Be Announced,N/A,N/A,N/A,N/A
NYCEDC,z81,CTA180120147201382, 3,19060044,Willets Point Redevelopment Infrastructure,Willets Point Redevelopment Infrastructure, 13564.0,To Be Announced,N/A,N/A,N/A,N/A
NYCEDC,z81,CTA180120147201382, 2,19060044,Willets Point Redevelopment Infrastructure,Willets Point Redevelopment Infrastructure, 112375.0,To Be Announced,N/A,N/A,N/A,N/A
NYCEDC,z81,CTA180120147201382, 1,19060044,Willets Point Redevelopment Infrastructure,Willets Point Redevelopment Infrastructure, 179568.99,To Be Announced,N/A,N/A,N/A,N/A
NYCEDC,z81,CTA180120147201382, 4,19060044,Willets Point Redevelopment Infrastructure,Willets Point Redevelopment Infrastructure, 62513.0,To Be Announced,N/A,N/A,N/A,N/A
NYCEDC,z81,CTA180120147201906, 6,23960006,Piers 88 & 90 Cluster Encapsulation Project,Piers 88 & 90 Cluster Encapsulation Project, 493500.0,To Be Announced,N/A,N/A,N/A,N/A
NYCEDC,z81,CTA180120147201906, 1,23960006,Piers 88 & 90 Cluster Encapsulation Project,Piers 88 & 90 Cluster Encapsulation Project, 6783525.0,To Be Announced,N/A,N/A,N/A,N/A
NYCEDC,z81,CTA180120147201906, 3,23960001,Piers 88 & 90 Cluster Encapsulation Project,Piers 88 & 90 Cluster Encapsulation Project, 32000.0,To Be Announced,N/A,N/A,N/A,N/A
NYCEDC,z81,CTA180120147201906, 4,23960006,Piers 88 & 90 Cluster Encapsulation Project,Piers 88 & 90 Cluster Encapsulation Project, 789974.0,To Be Announced,N/A,N/A,N/A,N/A
NYCEDC,z81,CTA180120147201906, 5,23960006,Piers 88 & 90 Cluster Encapsulation Project,Piers 88 & 90 Cluster Encapsulation Project, 273238.0,To Be Announced,N/A,N/A,N/A,N/A
NYCEDC,z81,CTA180120147201906, 2,23960001,Piers 88 & 90 Cluster Encapsulation Project,Piers 88 & 90 Cluster Encapsulation Project, 70447.0,To Be Announced,N/A,N/A,N/A,N/A
NYCEDC,z81,CTA180120147202146, 1,MOU,NYCEDC: CHILD CONTRACT - HRO CAS Projects,NYCEDC: CHILD CONTRACT - HRO CAS Projects, 10649383.0,To Be Announced,N/A,N/A,N/A,N/A
NYCEDC,z81,CTA180120147202147, 2,MOU,NYCEDC: CHILD CONTRACT - HRO AS Projects,NYCEDC: CHILD CONTRACT - HRO AS Projects, 3875677.81,To Be Announced,N/A,N/A,N/A,N/A
NYCEDC,z81,CTA180120147202147, 1,MOU,NYCEDC: CHILD CONTRACT - HRO AS Projects,NYCEDC: CHILD CONTRACT - HRO AS Projects, 3124322.19,To Be Announced,N/A,N/A,N/A,N/A
NYCEDC,z81,CTA180120147202191, 2,47580003,Flatbush Caton Vendors Market Renovation,Flatbush Caton Vendors Market Renovation, 4080.0,To Be Announced,N/A,N/A,N/A,N/A
NYCEDC,z81,CTA180120147202356, 1,16850009,1680 Lexington Capital Improvements,1680 Lexington Capital Improvements, 13895.78,To Be Announced,N/A,N/A,N/A,N/A
NYCEDC,z81,CTA180120147202356, 2,16850009,1680 Lexington Capital Improvements,1680 Lexington Capital Improvements, 10000.0,To Be Announced,N/A,N/A,N/A,N/A
NYCEDC,z81,CTA180120147202417, 1,53380001,FA - Bronx Works 133254484-J4283,FA - Bronx Works 133254484-J4283, 487500.0,To Be Announced,N/A,N/A,N/A,N/A
NYCEDC,z81,CTA180120147203001, 1,23960006,Pier 92 Rehabilitation,Pier 92 Rehabilitation, 1252631.0,To Be Announced,N/A,N/A,N/A,N/A
NYCEDC,z81,CTA180120147203001, 3,23960001,Pier 92 Rehabilitation,Pier 92 Rehabilitation, 484044.61,To Be Announced,N/A,N/A,N/A,N/A
NYCEDC,z81,CTA180120147203001, 2,23960006,Pier 92 Rehabilitation,Pier 92 Rehabilitation, 96840.0,To Be Announced,N/A,N/A,N/A,N/A
NYCEDC,z81,CTA180120147203004, 1,23960006,E. 34th Street Heliport Rehabilitation,E. 34th Street Heliport Rehabilitation, 4113946.0,To Be Announced,N/A,N/A,N/A,N/A
NYCEDC,z81,CTA180120147203106, 1,50300001,Thomas Mott Osborne Memorial Fund Inc and Affiliates,Thomas Mott Osborne Memorial Fund Inc and Affiliates, 682500.0,To Be Announced,N/A,N/A,N/A,N/A
NYCEDC,z81,CTA180120147203212, 2,MOU,NYCEDC: CHILD CONTRACT - HRO AS Projects,NYCEDC: CHILD CONTRACT - HRO AS Projects, 6280733.81,To Be Announced,N/A,N/A,N/A,N/A
NYCEDC,z81,CTA180120147203212, 1,MOU,NYCEDC: CHILD CONTRACT - HRO AS Projects,NYCEDC: CHILD CONTRACT - HRO AS Projects, 7791162.19,To Be Announced,N/A,N/A,N/A,N/A
NYCEDC,z81,CTA180120147203256, 8,47840001,RENOVATION AND CONSTRUCTION OF NEW GOLDWATER NORTH LTACH,RENOVATION AND CONSTRUCTION OF NEW GOLDWATER NORTH LTACH, 390811.0,To Be Announced,N/A,N/A,N/A,N/A
NYCEDC,z81,CTA180120147203256, 4,47840001,CONSTRUCTION OF NEW GOLDWATER NORTH SNF,CONSTRUCTION OF NEW GOLDWATER NORTH SNF, 270633.0,To Be Announced,N/A,N/A,N/A,N/A
NYCEDC,z81,CTA180120147203256, 17,47840001,CONSTRUCTION OF NEW GOLDWATER NORTH SNF,CONSTRUCTION OF NEW GOLDWATER NORTH SNF, 230935.0,To Be Announced,N/A,N/A,N/A,N/A
NYCEDC,z81,CTA180120147203256, 11,47840001,CONSTRUCTION OF NEW GOLDWATER NORTH SNF,CONSTRUCTION OF NEW GOLDWATER NORTH SNF, 371155.0,To Be Announced,N/A,N/A,N/A,N/A
NYCEDC,z81,CTA180120147203256, 14,47840002,RENOVATION AND CONSTRUCTION OF NEW GOLDWATER NORTH LTACH,RENOVATION AND CONSTRUCTION OF NEW GOLDWATER NORTH LTACH, 1865647.5,To Be Announced,N/A,N/A,N/A,N/A
NYCEDC,z81,CTA180120147203256, 2,47840001,CONSTRUCTION OF NEW GOLDWATER NORTH SNF,CONSTRUCTION OF NEW GOLDWATER NORTH SNF, 238106.0,To Be Announced,N/A,N/A,N/A,N/A
NYCEDC,z81,CTA180120147203256, 13,47840001,CONSTRUCTION OF NEW GOLDWATER NORTH SNF,CONSTRUCTION OF NEW GOLDWATER NORTH SNF, 73123.0,To Be Announced,N/A,N/A,N/A,N/A
NYCEDC,z81,CTA180120147203256, 1,47840001,RENOVATION AND CONSTRUCTION OF NEW GOLDWATER NORTH LTACH,RENOVATION AND CONSTRUCTION OF NEW GOLDWATER NORTH LTACH, 261174.0,To Be Announced,N/A,N/A,N/A,N/A
NYCEDC,z81,CTA180120147203256, 10,47840001,RENOVATION AND CONSTRUCTION OF NEW GOLDWATER NORTH LTACH,RENOVATION AND CONSTRUCTION OF NEW GOLDWATER NORTH LTACH, 834832.0,To Be Announced,N/A,N/A,N/A,N/A
NYCEDC,z81,CTA180120147203256, 5,47840001,RENOVATION AND CONSTRUCTION OF NEW GOLDWATER NORTH LTACH,RENOVATION AND CONSTRUCTION OF NEW GOLDWATER NORTH LTACH, 196322.0,To Be Announced,N/A,N/A,N/A,N/A
NYCEDC,z81,CTA180120147203256, 12,47840001,RENOVATION AND CONSTRUCTION OF NEW GOLDWATER NORTH LTACH,RENOVATION AND CONSTRUCTION OF NEW GOLDWATER NORTH LTACH, 1075709.0,To Be Announced,N/A,N/A,N/A,N/A
NYCEDC,z81,CTA180120147203256, 15,47840002,CONSTRUCTION OF NEW GOLDWATER NORTH SNF,CONSTRUCTION OF NEW GOLDWATER NORTH SNF, 997037.5,To Be Announced,N/A,N/A,N/A,N/A
NYCEDC,z81,CTA180120147203256, 6,47840001,RENOVATION AND CONSTRUCTION OF NEW GOLDWATER NORTH LTACH,RENOVATION AND CONSTRUCTION OF NEW GOLDWATER NORTH LTACH, 422836.0,To Be Announced,N/A,N/A,N/A,N/A
NYCEDC,z81,CTA180120147203256, 9,47840001,CONSTRUCTION OF NEW GOLDWATER NORTH SNF,CONSTRUCTION OF NEW GOLDWATER NORTH SNF, 457230.0,To Be Announced,N/A,N/A,N/A,N/A
NYCEDC,z81,CTA180120147203256, 3,47840001,RENOVATION AND CONSTRUCTION OF NEW GOLDWATER NORTH LTACH,RENOVATION AND CONSTRUCTION OF NEW GOLDWATER NORTH LTACH, 490173.0,To Be Announced,N/A,N/A,N/A,N/A
NYCEDC,z81,CTA180120147203256, 19,47840001,CONSTRUCTION OF NEW GOLDWATER NORTH SNF,CONSTRUCTION OF NEW GOLDWATER NORTH SNF, 200369.0,To Be Announced,N/A,N/A,N/A,N/A
NYCEDC,z81,CTA180120147203256, 7,47840001,CONSTRUCTION OF NEW GOLDWATER NORTH SNF,CONSTRUCTION OF NEW GOLDWATER NORTH SNF, 54500.0,To Be Announced,N/A,N/A,N/A,N/A
NYCEDC,z81,CTA180120147203256, 18,47840001,RENOVATION AND CONSTRUCTION OF NEW GOLDWATER NORTH LTACH,RENOVATION AND CONSTRUCTION OF NEW GOLDWATER NORTH LTACH, 648747.0,To Be Announced,N/A,N/A,N/A,N/A
NYCEDC,z81,CTA180120147203256, 16,47840001,RENOVATION AND CONSTRUCTION OF NEW GOLDWATER NORTH LTACH,RENOVATION AND CONSTRUCTION OF NEW GOLDWATER NORTH LTACH, 238831.0,To Be Announced,N/A,N/A,N/A,N/A
NYCEDC,z81,CTA180120147203286, 2,MOU,CDBG - HRO Critical Path Matters 26640019,CDBG - HRO Critical Path Matters 26640019, 3096079.0,To Be Announced,N/A,N/A,N/A,N/A
NYCEDC,z81,CTA180120147203286, 1,MOU,CDBG - HRO Critical Path Matters 26640019,CDBG - HRO Critical Path Matters 26640019, 5000000.0,To Be Announced,N/A,N/A,N/A,N/A
NYCEDC,z81,CTA180120147203332, 3,32020006,Randall's Island - Bronx Shore Fields,Randall's Island - Bronx Shore Fields, 475000.0,To Be Announced,N/A,N/A,N/A,N/A
NYCEDC,z81,CTA180120147203361, 1,MOU,Business Resiliency Investment Program 55750001,Business Resiliency Investment Program 55750001, 625513.0,To Be Announced,N/A,N/A,N/A,N/A
NYCEDC,z81,CTA180120147203376, 1,MOU,Resiliency Technologies Competition 55090001,Resiliency Technologies Competition 55090001, 297500.0,To Be Announced,N/A,N/A,N/A,N/A
NYCEDC,z81,CTA180120147203421, 1,30360005,Randall's Island Connector,Randall's Island Connector, 490000.0,To Be Announced,N/A,N/A,N/A,N/A
NYCEDC,z81,CTA180120147203677, 1,23960006,Beach 108th Bulkhead Rehabilitiation,Beach 108th Bulkhead Rehabilitiation, 5769800.0,To Be Announced,N/A,N/A,N/A,N/A
NYCEDC,z81,CTA180120147203916, 1,50400001,Catholic Charities Community Services,Catholic Charities Community Services, 100000.0,To Be Announced,N/A,N/A,N/A,N/A
NYCEDC,z81,CTA180120147203916, 2,50400001,Catholic Charities Community Services,Catholic Charities Community Services, 704375.0,To Be Announced,N/A,N/A,N/A,N/A
NYCEDC,z81,CTA180120147203931, 1,MOU,On-Call Management Consultant Sercvices 2664,On-Call Management Consultant Sercvices 2664, 3010510.0,To Be Announced,N/A,N/A,N/A,N/A
NYCEDC,z81,CTA180120147204008, 2,MOU,Take the HELM 48390001,Take the HELM 48390001, 190000.0,To Be Announced,N/A,N/A,N/A,N/A
NYCEDC,z81,CTA180120147204008, 1,MOU,Take the HELM 48390001,Take the HELM 48390001, 1100000.0,To Be Announced,N/A,N/A,N/A,N/A
NYCEDC,z81,CTA180120147204096, 1,MOU,5565 Construction Inspection Services,5565 Construction Inspection Services, 9376102.0,To Be Announced,N/A,N/A,N/A,N/A
NYCEDC,z81,CTA180120147204097, 1,MOU,NYCEDC: CHILD CONTRACT - WTC Performing Arts Center 28070001,NYCEDC: CHILD CONTRACT - WTC Performing Arts Center 28070001, 1050000.0,To Be Announced,N/A,N/A,N/A,N/A
NYCEDC,z81,CTA180120147204426, 1,30360005,Randall's Island Connector,Randall's Island Connector, 1710000.0,To Be Announced,N/A,N/A,N/A,N/A
NYCEDC,z81,CTA180120147204426, 2,30360004,Randall's Island Connector,Randall's Island Connector, 49789.56,To Be Announced,N/A,N/A,N/A,N/A
NYCEDC,z81,CTA180120147204471, 1,MOU,MOME - Made in NY Media Center 36620014,MOME - Made in NY Media Center 36620014, 770000.0,To Be Announced,N/A,N/A,N/A,N/A
NYCEDC,z81,CTA180120147204653, 6,53320011,GI - Green infrastructure in Westchester Creek HP-14,GI - Green infrastructure in Westchester Creek HP-14, 3733500.0,To Be Announced,N/A,N/A,N/A,N/A
NYCEDC,z81,CTA180120147204653, 4,53320006,Green Infrastructure 26W,Green Infrastructure 26W, 4018185.0,To Be Announced,N/A,N/A,N/A,N/A
NYCEDC,z81,CTA180120147204653, 3,39580001,Green Infrastructure 26W,Green Infrastructure 26W, 950000.0,To Be Announced,N/A,N/A,N/A,N/A
NYCEDC,z81,CTA180120147204653, 5,53320006,Green Infrastructure 26W,Green Infrastructure 26W, 2937500.0,To Be Announced,N/A,N/A,N/A,N/A
NYCEDC,z81,CTA180120147204788, 1,32020006,Randall's Island Connector,Randall's Island Connector, 480000.0,To Be Announced,N/A,N/A,N/A,N/A
NYCEDC,z81,CTA180120147205102, 1,MOU,5719 Hurricane Sandy HRO Asbestos Sampling And Analysis OM,5719 Hurricane Sandy HRO Asbestos Sampling And Analysis OM, 1647000.0,To Be Announced,N/A,N/A,N/A,N/A
NYCEDC,z81,CTA180120147205102, 2,MOU,5719 Hurricane Sandy HRO Asbestos Sampling And Analysis OM,5719 Hurricane Sandy HRO Asbestos Sampling And Analysis OM, 1177800.0,To Be Announced,N/A,N/A,N/A,N/A
NYCEDC,z81,CTA180120147205117, 1,50410002,MOH - Metropolitan Opera - Renovation of Fly System Project,MOH - Metropolitan Opera - Renovation of Fly System Project, 1218750.0,To Be Announced,N/A,N/A,N/A,N/A
NYCEDC,z81,CTA180120147205267, 1,56810001,Services Now for Adult Persons (SNAP) Adjustment to cover,Services Now for Adult Persons (SNAP) Adjustment to cover, 2763375.0,To Be Announced,N/A,N/A,N/A,N/A
NYCEDC,z81,CTA180120147205297, 1,MOU,Clean Diesel Locomotive Repower 49550001,Clean Diesel Locomotive Repower 49550001, 1000000.0,To Be Announced,N/A,N/A,N/A,N/A
NYCEDC,z81,CTA180120147205507, 1,51590001,Leake and Watts Services,Leake and Watts Services, 872625.0,To Be Announced,N/A,N/A,N/A,N/A
NYCEDC,z81,CTA180120147205551, 1,MOU,Willets Point Relocation Assistance,Willets Point Relocation Assistance, 908664.0,To Be Announced,N/A,N/A,N/A,N/A
NYCEDC,z81,CTA180120147205656, 1,MOU,Smart Grid Demonstration Project 37290001,Smart Grid Demonstration Project 37290001, 41202.23,To Be Announced,N/A,N/A,N/A,N/A
NYCEDC,z81,CTA180120147205731, 1,53600001,FA - Lenox Hill Neighborhood House 13-162818-U8500,FA - Lenox Hill Neighborhood House 13-162818-U8500, 610058.0,To Be Announced,N/A,N/A,N/A,N/A
NYCEDC,z81,CTA180120147205732, 1,53500001,"FA - Lenox Hill - The Center, 343 E70th St","FA - Lenox Hill - The Center, 343 E70th St", 682500.0,To Be Announced,N/A,N/A,N/A,N/A
NYCEDC,z81,CTA180120147206061, 1,MOU,FA - NYC Tech Connect - 48730001,FA - NYC Tech Connect - 48730001, 260000.0,To Be Announced,N/A,N/A,N/A,N/A
NYCEDC,z81,CTA180120147206211, 1,NULL,RENOVATION AND CONSTRUCTION OF NEW GOLDWATER NORTH LTACH,RENOVATION AND CONSTRUCTION OF NEW GOLDWATER NORTH LTACH, 271965.87,To Be Announced,N/A,N/A,N/A,N/A
NYCEDC,z81,CTA180120147206211, 4,NULL,Beach 108th Bulkhead Rehabilitiation,Beach 108th Bulkhead Rehabilitiation, 14980.31,To Be Announced,N/A,N/A,N/A,N/A
NYCEDC,z81,CTA180120147206211, 2,NULL,CONSTRUCTION OF NEW GOLDWATER NORTH SNF,CONSTRUCTION OF NEW GOLDWATER NORTH SNF, 276246.31,To Be Announced,N/A,N/A,N/A,N/A
NYCEDC,z81,CTA180120147206211, 3,NULL,FA - Theatre for a New Audience,FA - Theatre for a New Audience, 2685.86,To Be Announced,N/A,N/A,N/A,N/A
NYCEDC,z81,CTA180120147206211, 5,NULL,Downtown Brooklyn Redevelopment - Flatbush Myrtle Street,Downtown Brooklyn Redevelopment - Flatbush Myrtle Street, 4525.4,To Be Announced,N/A,N/A,N/A,N/A
NYCEDC,z81,CTA180120147206214, 2,53530001,Manhattan Theater Club - Renovation at NYCC,Manhattan Theater Club - Renovation at NYCC, 757500.0,To Be Announced,N/A,N/A,N/A,N/A
NYCEDC,z81,CTA180120147206214, 1,53530001,Manhattan Theater Club - Renovation at NYCC,Manhattan Theater Club - Renovation at NYCC, 120000.0,To Be Announced,N/A,N/A,N/A,N/A
NYCEDC,z81,CTA180120147206256, 1,57270001,GREATER RIDGEWOOD YOUTH COUNCIL - SITE ACQUISITION,GREATER RIDGEWOOD YOUTH COUNCIL - SITE ACQUISITION, 1619475.0,To Be Announced,N/A,N/A,N/A,N/A
NYCEDC,z81,CTA180120147206316, 4,NULL,Services Now  for Adult Persons,Services Now  for Adult Persons, 7225.8,To Be Announced,N/A,N/A,N/A,N/A
NYCEDC,z81,CTA180120147206316, 1,NULL,FA - Seaview Senior Housing - Met Council,FA - Seaview Senior Housing - Met Council, 15868.9,To Be Announced,N/A,N/A,N/A,N/A
NYCEDC,z81,CTA180120147206316, 2,NULL,FA - WCS - New York Aquarium,FA - WCS - New York Aquarium, 12141.73,To Be Announced,N/A,N/A,N/A,N/A
NYCEDC,z81,CTA180120147206316, 3,NULL,THE EDUCATIONAL ALLIANCE 13-556221-O6019,THE EDUCATIONAL ALLIANCE 13-556221-O6019, 11387.67,To Be Announced,N/A,N/A,N/A,N/A
NYCEDC,z81,CTA180120147206316, 5,NULL,NY FAMILIES FOR AUTISTIC CHILDREN,NY FAMILIES FOR AUTISTIC CHILDREN, 6874.24,To Be Announced,N/A,N/A,N/A,N/A
